C4_sat_frac,C6_sat_frac,C8_sat_frac,C10_sat_frac,C12_sat_frac,C14_sat_frac,C16_sat_frac,C18_sat_frac,C4_unsat_frac,C6_unsat_frac,C8_unsat_frac,C10_unsat_frac,C12_unsat_frac,C14_unsat_frac,C16_unsat_frac,C18_unsat_frac
0.06061338507447037,0.0873333948702088,0.4163145532473492,0.1284082473754358,0.2603053033335299,0.046723475003511504,0.00013659813740950428,0.00016504295808499907,0.0,0.0,0.0,0.0,0.0,0.0,0.0,0.0
0.053184398096629566,0.07903720911571116,0.3961821318960932,0.12810972460385134,0.2857718437115087,0.057310757315448733,0.0001609886463024937,0.00024294661445485355,0.0,0.0,0.0,0.0,0.0,0.0,0.0,0.0
0.047059939236392304,0.07159233427668434,0.37396656409995926,0.1275514011753028,0.31072240309785076,0.06848647134368517,0.00024965077620724434,0.000371235993918171,0.0,0.0,0.0,0.0,0.0,0.0,0.0,0.0
0.14020915324209945,0.1561754227448847,0.5029211184252211,0.09532142883615329,0.0970108757753211,0.008346417601346435,6.9076637661664835e-06,8.675711207701483e-06,0.0,0.0,0.0,0.0,0.0,0.0,0.0,0.0
0.05304351954828255,0.07961115900010152,0.39969010710754027,0.12831627576007112,0.28271114864288194,0.056243869860897314,0.0001474819817107503,0.00023643809851452738,0.0,0.0,0.0,0.0,0.0,0.0,0.0,0.0
0.04822796502126885,0.07324568131492395,0.37868993809972024,0.12812564996100095,0.3049373306506809,0.0661469286576643,0.0002636105527762142,0.0003628957419645714,0.0,0.0,0.0,0.0,0.0,0.0,0.0,0.0
0.07381039888798491,0.1018005750382761,0.44875020601721055,0.12365364084741161,0.2182460193279417,0.03358069805387963,6.514318611507144e-05,9.331864118045299e-05,0.0,0.0,0.0,0.0,0.0,0.0,0.0,0.0
0.08355506377359095,0.11210165042413066,0.46822891549616547,0.1204084599846779,0.18982607197877438,0.02578276326829605,3.9443034648736755e-05,5.7632039715863675e-05,0.0,0.0,0.0,0.0,0.0,0.0,0.0,0.0
0.05671458118015287,0.08365215374603341,0.40935925137647583,0.12900513596257537,0.2706291081029477,0.05029993985252837,0.00014745540185168157,0.00019237437743488075,0.0,0.0,0.0,0.0,0.0,0.0,0.0,0.0
0.06831180904283811,0.09691847382488518,0.4426175387138901,0.12703904757479798,0.2294354157519868,0.03551780730439596,6.926622110112852e-05,9.064156610471645e-05,0.0,0.0,0.0,0.0,0.0,0.0,0.0,0.0
0.06449886052696127,0.09319279793720318,0.4351819769561735,0.12721310853491466,0.24024618968157216,0.03946931449293144,8.016428369672594e-05,0.00011758758654701475,0.0,0.0,0.0,0.0,0.0,0.0,0.0,0.0
0.07275387265899631,0.10143528405832768,0.4506237241764798,0.12424222847486419,0.21764560905913097,0.03314902727690456,6.45835221007523e-05,8.56707731958569e-05,0.0,0.0,0.0,0.0,0.0,0.0,0.0,0.0
0.0519319072087192,0.07872840780985609,0.4002538222739552,0.1301577809180559,0.28369232124324933,0.05489012006045976,0.00014998391330266588,0.00019565657240188817,0.0,0.0,0.0,0.0,0.0,0.0,0.0,0.0
0.10546559288875332,0.13103263344655036,0.4921481716031453,0.11102201025633938,0.14422654315564978,0.016066236381610047,1.6603222187375063e-05,2.220904576437763e-05,0.0,0.0,0.0,0.0,0.0,0.0,0.0,0.0
0.0629834660175673,0.09081360973019718,0.42906517106572034,0.1275896863862263,0.2474379874982393,0.04190243341084253,8.954905516333898e-05,0.00011809683604367082,0.0,0.0,0.0,0.0,0.0,0.0,0.0,0.0
0.05664110824253671,0.08269813441016198,0.4053104431291613,0.12812933558632295,0.2743603492024095,0.052506433142584866,0.00014679531599176695,0.00020740097083087936,0.0,0.0,0.0,0.0,0.0,0.0,0.0,0.0
0.08641805054037335,0.11343725078911104,0.4681483278442851,0.12026493656395468,0.1866466264299287,0.024995948011449755,3.836037369930466e-05,5.049944719795172e-05,0.0,0.0,0.0,0.0,0.0,0.0,0.0,0.0
0.06812441238566024,0.09636280830746319,0.4400843837478406,0.1261588977147172,0.2320292632361534,0.03706032163994391,7.567302057145912e-05,0.00010423994764999789,0.0,0.0,0.0,0.0,0.0,0.0,0.0,0.0
0.07561488250041923,0.10362531231954954,0.4525970070056386,0.12364794892442378,0.21282272423743717,0.031545579362469434,6.285121016107275e-05,8.369443990112752e-05,0.0,0.0,0.0,0.0,0.0,0.0,0.0,0.0
0.04545702332352093,0.06997869921305364,0.36864589749103227,0.12762120023065315,0.3163683462660374,0.07119826468217162,0.0003006642262944814,0.0004299045672365436,0.0,0.0,0.0,0.0,0.0,0.0,0.0,0.0
0.057102824493090745,0.0845366935450823,0.4124741635720433,0.1287132171620566,0.2675677696122418,0.04927652488829194,0.00013856983392029844,0.00019023689327288913,0.0,0.0,0.0,0.0,0.0,0.0,0.0,0.0
0.0714411007281749,0.09923689514865806,0.44220649836398934,0.12514611208928927,0.22633735225377713,0.03543330135292064,8.757661527913925e-05,0.0001111634479114517,0.0,0.0,0.0,0.0,0.0,0.0,0.0,0.0
0.07678173232482509,0.10552454923317152,0.4575110067227359,0.12396728752251539,0.2064871024653792,0.029597002969692112,5.707926448750566e-05,7.423949719324326e-05,0.0,0.0,0.0,0.0,0.0,0.0,0.0,0.0
0.047207209476302844,0.0725893612059145,0.3791292769112307,0.12824687452923567,0.30683985095627453,0.06541237224631545,0.0002357637733565188,0.00033929090136983377,0.0,0.0,0.0,0.0,0.0,0.0,0.0,0.0
0.03781329749214146,0.059997556509918816,0.3357094154958862,0.12437664288967185,0.34903664921465294,0.09191783166667888,0.00045788722307183024,0.0006907195079780806,0.0,0.0,0.0,0.0,0.0,0.0,0.0,0.0
0.07283228715479509,0.100644426097199,0.4471229410556578,0.12420796487588967,0.2208031724538665,0.034235852631429406,6.469599468170333e-05,8.865973648071079e-05,0.0,0.0,0.0,0.0,0.0,0.0,0.0,0.0
0.06228229303368485,0.09025985980064845,0.4272086698732315,0.1279844673566625,0.24949968732710762,0.04252966464808193,0.00010332923313170218,0.00013202872745147776,0.0,0.0,0.0,0.0,0.0,0.0,0.0,0.0
0.09907056223142426,0.12523521931089698,0.4849184679135743,0.11493258272404867,0.15722104419510385,0.018571176909379043,2.288150828819882e-05,2.8065207284634315e-05,0.0,0.0,0.0,0.0,0.0,0.0,0.0,0.0
0.06256013683382715,0.09099592911269731,0.4299680817766531,0.12746976277246985,0.2469310868289388,0.04185024998900845,9.613748808422906e-05,0.00012861519832115402,0.0,0.0,0.0,0.0,0.0,0.0,0.0,0.0
0.08308191771107545,0.11154283284814924,0.46769726606757744,0.12128207894343547,0.1907889035428974,0.02551001232402888,4.325611695487874e-05,5.3732445881225645e-05,0.0,0.0,0.0,0.0,0.0,0.0,0.0,0.0
0.07323734562337621,0.1016047965629581,0.4500119799111821,0.1257545865678065,0.21685305672233435,0.032394322992595634,6.490320876474536e-05,7.900841098238693e-05,0.0,0.0,0.0,0.0,0.0,0.0,0.0,0.0
0.08932725832384966,0.11699782128597604,0.47510367447416296,0.11874921100312441,0.17719122352300343,0.022550541565307756,3.560983469858748e-05,4.465998987710457e-05,0.0,0.0,0.0,0.0,0.0,0.0,0.0,0.0
0.05335965542371293,0.0808323856164713,0.4048813361472168,0.1291308772364035,0.27829249288221763,0.05314442226875811,0.00014662767714949043,0.00021220274807031258,0.0,0.0,0.0,0.0,0.0,0.0,0.0,0.0
0.0780794227797253,0.1074780593782568,0.4630664407245342,0.12279824107524435,0.2002794351100961,0.02819202568049914,4.460155849613251e-05,6.177369314787417e-05,0.0,0.0,0.0,0.0,0.0,0.0,0.0,0.0
0.051072254717353674,0.07643651017673148,0.3873652034728683,0.12862755746826704,0.2953700164600065,0.060577718487095575,0.0002397691757071143,0.0003109700419703645,0.0,0.0,0.0,0.0,0.0,0.0,0.0,0.0
0.060246821669623696,0.08844665321729706,0.42426661643028313,0.12792724842225764,0.2542482797222107,0.04461899323462229,9.89032453300547e-05,0.00014648405837553615,0.0,0.0,0.0,0.0,0.0,0.0,0.0,0.0
0.10041978217194304,0.12666578540515913,0.48644952378417133,0.11403257295961612,0.15446362717363685,0.017916147461890058,2.38356399547643e-05,2.8725403628702713e-05,0.0,0.0,0.0,0.0,0.0,0.0,0.0,0.0
0.04747893615419665,0.0726150793406677,0.3775626105311574,0.12768940641290474,0.3065827388107033,0.06746618749879442,0.00024261583650346527,0.00036242541507226366,0.0,0.0,0.0,0.0,0.0,0.0,0.0,0.0
0.08341404090135421,0.11120239150027209,0.4642464263392911,0.12051464628728427,0.1936943609589218,0.02681341533038857,4.660341982987269e-05,6.811526265810625e-05,0.0,0.0,0.0,0.0,0.0,0.0,0.0,0.0
0.0688641973900133,0.09690405094608137,0.4385623778819934,0.1256533055378239,0.23262401283469128,0.03718462085133954,9.176726305118118e-05,0.00011566729500607995,0.0,0.0,0.0,0.0,0.0,0.0,0.0,0.0
0.05142007122810575,0.07730303991805379,0.3910388561215355,0.12799126226529195,0.2919347725895118,0.059839129540241336,0.00019793258979690432,0.000274935747462999,0.0,0.0,0.0,0.0,0.0,0.0,0.0,0.0
0.059730993597839045,0.08716423500962897,0.41726200100962885,0.12812747339865369,0.26064593052196466,0.04676575211801249,0.0001266218553172244,0.00017699248895515106,0.0,0.0,0.0,0.0,0.0,0.0,0.0,0.0
0.09848847911246592,0.12444630873002817,0.48226811401350844,0.11543828117519024,0.1601419113952602,0.019156501605739243,2.724090646269103e-05,3.316306134520211e-05,0.0,0.0,0.0,0.0,0.0,0.0,0.0,0.0
0.052017204667358534,0.07747843348682362,0.3889920769497399,0.12798162040442326,0.29276384228496816,0.06020665265165913,0.0002418441988275987,0.00031832535619986127,0.0,0.0,0.0,0.0,0.0,0.0,0.0,0.0
0.06111964411992371,0.08782811170772747,0.41659418678562343,0.12657894284090732,0.260134160292619,0.04742553797666087,0.0001314078858182669,0.00018800839071993737,0.0,0.0,0.0,0.0,0.0,0.0,0.0,0.0
0.04857828559657127,0.074117419979189,0.3819784374621302,0.12788459910143984,0.3022410212677725,0.06459960201474778,0.0002778538003926299,0.00032278077775676475,0.0,0.0,0.0,0.0,0.0,0.0,0.0,0.0
0.060155428325284276,0.08773603218346389,0.4186027327712483,0.1278219839506086,0.25939223295384534,0.045983987875312826,0.0001335984807292478,0.00017400345950753643,0.0,0.0,0.0,0.0,0.0,0.0,0.0,0.0
0.08973233427375568,0.11818008789606489,0.47832998134631344,0.11796072485928613,0.1737903967712901,0.021932925149800404,3.1050561952862555e-05,4.2499141536391325e-05,0.0,0.0,0.0,0.0,0.0,0.0,0.0,0.0
0.04942280217911263,0.07509277779107454,0.38772558374487703,0.12947376303964026,0.29708075624727937,0.06076729122878324,0.0001922321599717039,0.00024479360926131375,0.0,0.0,0.0,0.0,0.0,0.0,0.0,0.0
0.07840367147422445,0.10767518512244763,0.4628426727019882,0.12286868768515198,0.1999700149176253,0.028125211552252952,5.030434221998217e-05,6.425220408963917e-05,0.0,0.0,0.0,0.0,0.0,0.0,0.0,0.0
0.07406860057810086,0.10165479002768714,0.44761316691001835,0.1234725773608459,0.21909222269884443,0.03393524494171933,6.558801701607771e-05,9.78094657678161e-05,0.0,0.0,0.0,0.0,0.0,0.0,0.0,0.0
0.03756913791964678,0.05991312185520531,0.33778506520037166,0.12629317057850428,0.34848710380158665,0.08893129502815439,0.0004320150341753062,0.0005890905823557328,0.0,0.0,0.0,0.0,0.0,0.0,0.0,0.0
0.05221509352582158,0.07830526248696262,0.3943393618488143,0.12794890316060828,0.28811690721961797,0.05862332366540844,0.00017536333820311435,0.0002757847545637034,0.0,0.0,0.0,0.0,0.0,0.0,0.0,0.0
0.09447354625299093,0.12194253985051928,0.4811861386016612,0.11695962672262061,0.1656499948293221,0.019723542856767348,2.9887666085993596e-05,3.472322003248364e-05,0.0,0.0,0.0,0.0,0.0,0.0,0.0,0.0
0.04932512270364405,0.07480063513311684,0.3838373273698988,0.12797772314598027,0.2999282259576526,0.06357413252990712,0.00023190196709395238,0.00032493119270648395,0.0,0.0,0.0,0.0,0.0,0.0,0.0,0.0
0.05163813212485642,0.07744076770387288,0.39281971636374746,0.12908061035803306,0.28980054847040015,0.058793469944921246,0.00017902935393259196,0.0002477256802360952,0.0,0.0,0.0,0.0,0.0,0.0,0.0,0.0
0.04983473591126709,0.07569912468855872,0.38877180604510164,0.12907419649056834,0.295444489517204,0.060718154663183865,0.00018807001412466499,0.0002694226699917343,0.0,0.0,0.0,0.0,0.0,0.0,0.0,0.0
0.1029239395597143,0.1288581219718475,0.4888487602418307,0.11296885662101987,0.1494918391960428,0.0168598366039251,2.3040381655866364e-05,2.5605423963752627e-05,0.0,0.0,0.0,0.0,0.0,0.0,0.0,0.0
0.028137362195433054,0.046745257295591695,0.28611233592204455,0.11890432438328573,0.3922306657333054,0.12568656198937214,0.0008944777970502354,0.0012890146839170944,0.0,0.0,0.0,0.0,0.0,0.0,0.0,0.0
0.051491715791845576,0.07784357087570447,0.3933924226111546,0.1278414928655364,0.29023078961466786,0.058729892915196216,0.00018729305469839205,0.00028282227119650884,0.0,0.0,0.0,0.0,0.0,0.0,0.0,0.0
0.0836067031079865,0.11138103705028642,0.4660122705620126,0.12122657470257492,0.19129790648996434,0.02637768882361148,4.2786291026555204e-05,5.5032972537338494e-05,0.0,0.0,0.0,0.0,0.0,0.0,0.0,0.0
0.09340488022492831,0.12052069717428032,0.4790789163010552,0.11679180252083404,0.16912731659194305,0.0210055245975383,3.1313893128746554e-05,3.954869629202415e-05,0.0,0.0,0.0,0.0,0.0,0.0,0.0,0.0
0.08484178669505314,0.11287054408504114,0.4683191265709451,0.12081953773708642,0.18784393255021395,0.025209224915554853,4.018127160624341e-05,5.566617449919799e-05,0.0,0.0,0.0,0.0,0.0,0.0,0.0,0.0
0.06139703127439318,0.08911863205460853,0.4228495500665211,0.1262088276406863,0.2545735465080386,0.0455823405644347,0.00010569506151183872,0.00016437682980568238,0.0,0.0,0.0,0.0,0.0,0.0,0.0,0.0
0.09669872604023055,0.12345986369479223,0.4820375556924354,0.11503177068338917,0.1628327952214242,0.019876311009148766,2.6365320396997235e-05,3.661233818275939e-05,0.0,0.0,0.0,0.0,0.0,0.0,0.0,0.0
0.05729251690389518,0.08354795004475174,0.40638536242650886,0.12760431453307364,0.27278793775931204,0.05198965668190559,0.00016608726720719998,0.00022617438334580626,0.0,0.0,0.0,0.0,0.0,0.0,0.0,0.0
0.06615031149854898,0.09478857856745396,0.43938723312185113,0.12799755109755673,0.23427161754577885,0.03723563504492098,7.579969621394282e-05,9.327342767552164e-05,0.0,0.0,0.0,0.0,0.0,0.0,0.0,0.0
0.06426365373617823,0.09222794166898758,0.43028211454284404,0.12707793825931477,0.2444079501846042,0.04151256140396992,9.607846672901355e-05,0.00013176173737233896,0.0,0.0,0.0,0.0,0.0,0.0,0.0,0.0
0.0769931940995677,0.10532322470545426,0.45576103884249913,0.12330168515400061,0.20808602540397336,0.030397577176724803,5.936742530834592e-05,7.788719247171506e-05,0.0,0.0,0.0,0.0,0.0,0.0,0.0,0.0
0.05587015402468466,0.08279769636545403,0.4065839764561501,0.12791499370461618,0.27395030286451405,0.05250141126531502,0.0001667993943845691,0.00021466592488133488,0.0,0.0,0.0,0.0,0.0,0.0,0.0,0.0
0.05250271114915963,0.07884485029677861,0.39852090902634135,0.1284925422057863,0.28485140821907146,0.056419365577312384,0.0001572627438744531,0.00021095078167575535,0.0,0.0,0.0,0.0,0.0,0.0,0.0,0.0
0.09070799734795051,0.11764430122250454,0.4727150816934134,0.11822033033748992,0.17780091293626885,0.022823043799473107,3.884795218419084e-05,4.948471071540573e-05,0.0,0.0,0.0,0.0,0.0,0.0,0.0,0.0
0.060521077206128766,0.08822710356369094,0.42190906787857085,0.12843147182327078,0.25569676114835393,0.04494548597243171,0.00011029858591676542,0.0001587338216362158,0.0,0.0,0.0,0.0,0.0,0.0,0.0,0.0
0.056337246351232315,0.08273910015127892,0.4045789919187478,0.12830067070261783,0.27522510119927424,0.0524286003410786,0.00016623135143741604,0.000224057984332857,0.0,0.0,0.0,0.0,0.0,0.0,0.0,0.0
0.063499769724855,0.09101315523644167,0.42651720447644986,0.12748770576938076,0.2487602236493871,0.04247905242391347,0.00010128214483892732,0.00014160657473327132,0.0,0.0,0.0,0.0,0.0,0.0,0.0,0.0
0.05131375380242911,0.07712191708725936,0.3900413978016807,0.12742310284610878,0.29293470786974884,0.060681856512385245,0.0001843697473780469,0.00029889433300993355,0.0,0.0,0.0,0.0,0.0,0.0,0.0,0.0
0.10454218812370515,0.12991380430042127,0.4890677771688273,0.11261846004161664,0.14756921487874308,0.01624420016289928,1.9916818793159834e-05,2.4438504994102333e-05,0.0,0.0,0.0,0.0,0.0,0.0,0.0,0.0
0.08306453001984462,0.11113607601972322,0.46632350359322644,0.12156466955801538,0.19197309552032898,0.025835733031628685,4.6400615425340486e-05,5.599164180728756e-05,0.0,0.0,0.0,0.0,0.0,0.0,0.0,0.0
0.08568202021698032,0.1145644321379205,0.4729070334607485,0.12046717475654661,0.1826070527176709,0.02368229996472909,4.167212413272056e-05,4.831462127143287e-05,0.0,0.0,0.0,0.0,0.0,0.0,0.0,0.0
0.07016404017622808,0.09882343464289603,0.4464262828216107,0.12585417697595627,0.22395554666847672,0.03462483989811479,6.450926034882585e-05,8.716955636866505e-05,0.0,0.0,0.0,0.0,0.0,0.0,0.0,0.0
0.05970165424018519,0.08643493794158669,0.414522000971007,0.12703675298321024,0.26354235549004845,0.04843598100329417,0.00013623721354932066,0.000190080157118917,0.0,0.0,0.0,0.0,0.0,0.0,0.0,0.0
0.0720374784612417,0.10110119720802699,0.4497205709809799,0.1244159188346218,0.21904235970874442,0.033522345159308964,6.398001846026331e-05,9.614962861588876e-05,0.0,0.0,0.0,0.0,0.0,0.0,0.0,0.0
0.0691722962646087,0.09792558019236074,0.4437912698450292,0.12445252856337108,0.2279573603467792,0.03652067395568303,7.242220506042977e-05,0.00010786862710762846,0.0,0.0,0.0,0.0,0.0,0.0,0.0,0.0
0.10006027750200468,0.1261104007177331,0.4856255096859107,0.11489921770298271,0.15545284824809752,0.017801106726700454,2.2560654205278516e-05,2.8078762365737597e-05,0.0,0.0,0.0,0.0,0.0,0.0,0.0,0.0
0.05313039639890136,0.07899108489414342,0.3949748462633673,0.12715342899402773,0.28708340150203443,0.05820505309624912,0.00018523426136388368,0.00027655458991290654,0.0,0.0,0.0,0.0,0.0,0.0,0.0,0.0
0.07234568256177358,0.10107704933174905,0.45028046663002597,0.12553298959845238,0.21810807498533422,0.032516008213698884,6.189237220884884e-05,7.783630675701179e-05,0.0,0.0,0.0,0.0,0.0,0.0,0.0,0.0
0.0908555486882659,0.11774822250222107,0.4732469231844822,0.1173933601347751,0.1772656507870808,0.023404223987985282,3.79747175489748e-05,4.8095997640592756e-05,0.0,0.0,0.0,0.0,0.0,0.0,0.0,0.0
0.07931634085866611,0.10745583270777816,0.4602012009679281,0.12295574691146449,0.2014709186690172,0.02848590038844669,5.0446428648379796e-05,6.361306805092266e-05,0.0,0.0,0.0,0.0,0.0,0.0,0.0,0.0
0.08534082441164113,0.11387993992452589,0.4726194935094842,0.11979688394438581,0.18400525472873502,0.024277371765190108,3.342318727373097e-05,4.680852876411733e-05,0.0,0.0,0.0,0.0,0.0,0.0,0.0,0.0
0.04117771073726698,0.06465239783843935,0.35286291436895756,0.1266944154850312,0.33314870763594556,0.08055621281219313,0.00038397834807765496,0.0005236627740885942,0.0,0.0,0.0,0.0,0.0,0.0,0.0,0.0
0.06748746183820643,0.09533107750509413,0.43579162930540244,0.1252605633878962,0.2364080547855291,0.03951944680491304,7.661453405543351e-05,0.0001251518389033192,0.0,0.0,0.0,0.0,0.0,0.0,0.0,0.0
0.03362221951667507,0.054205215979698615,0.31434102738486713,0.12243640785413955,0.36805115915387804,0.10579970318108768,0.0006364234044126861,0.0009078435252411456,0.0,0.0,0.0,0.0,0.0,0.0,0.0,0.0
0.07774743317232133,0.10604250393431604,0.45779562880392083,0.12362588865204083,0.2053261984541985,0.02933941843875094,4.991409620802207e-05,7.301444824345024e-05,0.0,0.0,0.0,0.0,0.0,0.0,0.0,0.0
0.06455225615156063,0.09210938301590266,0.4303522896763933,0.12780486130476704,0.24412701588130845,0.04084016924360849,9.339572840744776e-05,0.00012062899805192406,0.0,0.0,0.0,0.0,0.0,0.0,0.0,0.0
0.05787481632948126,0.08473224874469906,0.4128322445612263,0.12897468361156111,0.2666389843680609,0.04865164993327673,0.00012801292890727973,0.00016735952278741902,0.0,0.0,0.0,0.0,0.0,0.0,0.0,0.0
0.08105904529258745,0.11016205088620686,0.46700887312120887,0.121407285764669,0.19374205096666205,0.026523848211152428,3.919047475520351e-05,5.765528275811594e-05,0.0,0.0,0.0,0.0,0.0,0.0,0.0,0.0
0.06116635083860058,0.08890509510073934,0.42324915551752407,0.12640947959848473,0.25479000017018555,0.045226446702606816,9.999560483782713e-05,0.00015347646702096118,0.0,0.0,0.0,0.0,0.0,0.0,0.0,0.0
0.06984140580875496,0.09719049352614359,0.43885847142220535,0.125277860758337,0.23116402780127043,0.0374733700646073,8.022116504228407e-05,0.00011414945363902208,0.0,0.0,0.0,0.0,0.0,0.0,0.0,0.0
0.032637333535902924,0.052712405991612823,0.30908617305399033,0.12230676141348752,0.3723707085271499,0.10934827922202263,0.0006176023233248432,0.0009207359325091088,0.0,0.0,0.0,0.0,0.0,0.0,0.0,0.0
0.06934527304693965,0.0970396832277353,0.43812151466587546,0.12583122454675583,0.23243871852023124,0.03700462549706014,9.65287296585341e-05,0.00012243176574381015,0.0,0.0,0.0,0.0,0.0,0.0,0.0,0.0
0.049438704003303996,0.0755033523165205,0.38936975881300967,0.12967332102427942,0.2955238513556775,0.06004081467701727,0.00019335101181513521,0.0002568467983766386,0.0,0.0,0.0,0.0,0.0,0.0,0.0,0.0
0.09963174401067314,0.1260744707050314,0.48627505233415097,0.11470030196310403,0.15532257647856537,0.017943659088182615,2.3564932270346753e-05,2.863048802210003e-05,0.0,0.0,0.0,0.0,0.0,0.0,0.0,0.0
0.05237007253526379,0.07847709429247804,0.39485424344812925,0.1282618280049184,0.2873378437124562,0.05826285859803,0.00018006425867197361,0.0002559951500524235,0.0,0.0,0.0,0.0,0.0,0.0,0.0,0.0
0.0767441456469593,0.10501404567247208,0.4572225813404954,0.12409349947711695,0.20657881864238678,0.03023028572170731,5.010384928040293e-05,6.65196495816846e-05,0.0,0.0,0.0,0.0,0.0,0.0,0.0,0.0
0.04771909856066515,0.07282736858370964,0.3782471575548512,0.12818366491720862,0.30637577008866185,0.0660402489207628,0.0002500822598176791,0.00035660911432312597,0.0,0.0,0.0,0.0,0.0,0.0,0.0,0.0
0.0947477301401842,0.1217055628338862,0.481748714524561,0.1166434016517206,0.16510861250134834,0.01998891698609187,2.5619531901277743e-05,3.1441830306584154e-05,0.0,0.0,0.0,0.0,0.0,0.0,0.0,0.0
0.09623728695328107,0.1240293158349376,0.48509931851654686,0.11644531883172705,0.1597108149864431,0.018422292441037984,2.5264287304323155e-05,3.0388148721995484e-05,0.0,0.0,0.0,0.0,0.0,0.0,0.0,0.0
0.10619515604700294,0.13080729334923014,0.48834903532547147,0.11109381307141919,0.14673233896814616,0.01677260285843756,2.0695196538722926e-05,2.9065183753808136e-05,0.0,0.0,0.0,0.0,0.0,0.0,0.0,0.0
0.06703201955585024,0.09480691133466224,0.434343083789602,0.12606251741135405,0.23796766263874125,0.03956067577723486,9.665176357723022e-05,0.00013047772897812802,0.0,0.0,0.0,0.0,0.0,0.0,0.0,0.0
0.09439125722810815,0.12151217110248731,0.4816777199291883,0.11690255599743368,0.16541444219097953,0.020044227387050167,2.6922197150928006e-05,3.070396760203806e-05,0.0,0.0,0.0,0.0,0.0,0.0,0.0,0.0
0.05892541854507313,0.0859707902836497,0.41365303905372514,0.1270151023393488,0.2650004224725295,0.049100534420332936,0.00012862900818090423,0.00020606387715992999,0.0,0.0,0.0,0.0,0.0,0.0,0.0,0.0
0.06134918371861808,0.08920619132167328,0.42364965677608873,0.12685463118972617,0.25370575006865825,0.04497851470500911,0.00010175541715662479,0.00015431680306972846,0.0,0.0,0.0,0.0,0.0,0.0,0.0,0.0
0.04510539406592806,0.0693925931905117,0.36666054817891325,0.127736947206031,0.3179992447202833,0.07237246015363608,0.0003041862564104976,0.00042862622828604977,0.0,0.0,0.0,0.0,0.0,0.0,0.0,0.0
0.059856850936886044,0.087676522661815,0.4201568478966517,0.12683956043184158,0.2587147614057182,0.04647352802665823,0.00010706994522676062,0.00017485869520251785,0.0,0.0,0.0,0.0,0.0,0.0,0.0,0.0
0.12201736676751147,0.1448550397571321,0.5035252081359922,0.10286509424753688,0.11582610901308812,0.010889506972052408,9.943518992318398e-06,1.1731587694530466e-05,0.0,0.0,0.0,0.0,0.0,0.0,0.0,0.0
0.03964566337919196,0.062366094056417166,0.34400667424931297,0.12577587671699839,0.3416573274920582,0.08554581783058485,0.0004083965491728353,0.0005941497262637939,0.0,0.0,0.0,0.0,0.0,0.0,0.0,0.0
0.06023737533483792,0.08815711008769346,0.42226508905017884,0.1276244766743534,0.25593981076961786,0.045516733454828845,0.00011020057031311487,0.000149204058176575,0.0,0.0,0.0,0.0,0.0,0.0,0.0,0.0
0.03116677391293916,0.051294858387318606,0.3051230562111161,0.1217325859120285,0.3777094993867152,0.11130380475865888,0.0006793635520003542,0.0009900578792231848,0.0,0.0,0.0,0.0,0.0,0.0,0.0,0.0
0.053735776065694456,0.07963134519071725,0.397897283459357,0.12836343600233505,0.283986241989115,0.05598705185823526,0.00015511388852429563,0.00024375154602174976,0.0,0.0,0.0,0.0,0.0,0.0,0.0,0.0
0.06727084445304188,0.09485632049265882,0.43604025025929755,0.12667104458021192,0.23670584835078637,0.03825955703054172,8.472150111392049e-05,0.00011141333234756535,0.0,0.0,0.0,0.0,0.0,0.0,0.0,0.0
0.05949199528761398,0.08736236654780602,0.42021934494707686,0.12735854817884854,0.25882287234036594,0.046466288570813516,0.00011075191281125098,0.0001678322146638721,0.0,0.0,0.0,0.0,0.0,0.0,0.0,0.0
0.05561255990844427,0.08298296169784002,0.4103964828059093,0.12880162257615754,0.27154467318946723,0.050359420589772906,0.00012110316108756254,0.00018117607132114922,0.0,0.0,0.0,0.0,0.0,0.0,0.0,0.0
0.08686769233714813,0.11420032947626339,0.4699342563083562,0.12069378591746875,0.18424417208458796,0.023970471185494887,4.151835927319887e-05,4.777433140750813e-05,0.0,0.0,0.0,0.0,0.0,0.0,0.0,0.0
0.03947859567027821,0.062355207879525386,0.34586870485080823,0.1273755460386566,0.34035322911208116,0.08367795898197172,0.0003806946256371863,0.000510062841041503,0.0,0.0,0.0,0.0,0.0,0.0,0.0,0.0
0.07570728359955045,0.10429294603623207,0.4550855803179452,0.12358951223134922,0.21017881543338535,0.0310088107172633,5.768469873581941e-05,7.936696553868489e-05,0.0,0.0,0.0,0.0,0.0,0.0,0.0,0.0
0.06159091098434795,0.08905315671756933,0.42198416178365544,0.12803270480285622,0.2546322740703469,0.0444336664615943,0.00012206856602744627,0.00015105661360247742,0.0,0.0,0.0,0.0,0.0,0.0,0.0,0.0
0.06715034249280763,0.09464149494530828,0.43308225336148476,0.12552394941355405,0.2389972210448119,0.040383250485234716,8.96015521227509e-05,0.00013188670467595044,0.0,0.0,0.0,0.0,0.0,0.0,0.0,0.0
0.06802980436638446,0.09602798438137453,0.4381137919807346,0.12589109466408713,0.2332576888020259,0.03848818387341684,7.715541574657869e-05,0.00011429651623011705,0.0,0.0,0.0,0.0,0.0,0.0,0.0,0.0
0.04724027264571311,0.07208757108430208,0.37563238517919817,0.12680662092756687,0.3085048337745141,0.0691140220209081,0.0002452446353883898,0.00036904973240925264,0.0,0.0,0.0,0.0,0.0,0.0,0.0,0.0
0.10096564427426176,0.12663250688441266,0.4846636107698699,0.11305753759782747,0.15610268389009838,0.018522071585366538,2.3398187827574154e-05,3.254681033570297e-05,0.0,0.0,0.0,0.0,0.0,0.0,0.0,0.0
0.046755655452264684,0.07148349892903985,0.3731481232601622,0.12771948220966553,0.31097593209413843,0.06926276437523418,0.00027490538728505714,0.00037963829221002355,0.0,0.0,0.0,0.0,0.0,0.0,0.0,0.0
0.06265137713611105,0.09026528951122426,0.4276678466516485,0.1283203945084574,0.2487269735249036,0.04215065164884981,9.654889118620981e-05,0.00012091812761920392,0.0,0.0,0.0,0.0,0.0,0.0,0.0,0.0
0.06409470386927694,0.09137152807729432,0.42520399826614663,0.12708157889784719,0.2493055136230999,0.0426725987847719,0.000112530017000174,0.00015754846456297558,0.0,0.0,0.0,0.0,0.0,0.0,0.0,0.0
0.06913715527436574,0.0968437126033947,0.43874704537617853,0.1262507474845192,0.23187035461104752,0.03696653024567654,8.006955013570974e-05,0.0001043848546820156,0.0,0.0,0.0,0.0,0.0,0.0,0.0,0.0
0.06792349032688888,0.09695469066726164,0.4427324678814327,0.12624249020184466,0.2296301108165482,0.036342152359365054,7.591803697957992e-05,9.867970967925537e-05,0.0,0.0,0.0,0.0,0.0,0.0,0.0,0.0
0.048238438879445955,0.07355487831227378,0.3807256497849612,0.12806317259835948,0.30341105037363675,0.06543545570680266,0.00023602615702500616,0.00033532818749516796,0.0,0.0,0.0,0.0,0.0,0.0,0.0,0.0
0.022865237607826293,0.03835320498647047,0.2445718547697307,0.1093938595178182,0.41492692580555285,0.165295157312912,0.0018263102272267563,0.0027674497724627808,0.0,0.0,0.0,0.0,0.0,0.0,0.0,0.0
0.05328621695299761,0.07954229978291502,0.3974404152394208,0.12887228111503604,0.2841786978279507,0.056250177779811006,0.00018770509432579436,0.00024220620754298084,0.0,0.0,0.0,0.0,0.0,0.0,0.0,0.0
0.04428268657864937,0.06762545318524141,0.36065639190948884,0.12712160308693662,0.3235623512043851,0.07598894751559838,0.0003299367996477721,0.000432629720052639,0.0,0.0,0.0,0.0,0.0,0.0,0.0,0.0
0.08541833811556102,0.11417813874249565,0.4742678770337715,0.12078741116932344,0.18192462734734768,0.023351625933505968,3.111141668257099e-05,4.0870241312172806e-05,0.0,0.0,0.0,0.0,0.0,0.0,0.0,0.0
0.061916502924449536,0.08911838167914275,0.4220005007188184,0.12723474678107516,0.25439146537956153,0.04507483485843211,0.00010988292990452906,0.0001536847286161217,0.0,0.0,0.0,0.0,0.0,0.0,0.0,0.0
0.08201412185102532,0.11093774891023428,0.467887084936253,0.12245632431947931,0.19115398496338146,0.025462442183683487,3.783039996867448e-05,5.0462435974553685e-05,0.0,0.0,0.0,0.0,0.0,0.0,0.0,0.0
0.06381860312506318,0.09217093799745665,0.4304437276162733,0.12670971178791315,0.24505899395189698,0.04156105381384776,9.768850117543823e-05,0.0001392832063735352,0.0,0.0,0.0,0.0,0.0,0.0,0.0,0.0
0.068069417663426,0.09660177635205255,0.4409016679568725,0.12629986660312656,0.23081345445304646,0.037135516477274304,7.407465545897008e-05,0.00010422583874262154,0.0,0.0,0.0,0.0,0.0,0.0,0.0,0.0
0.0463347785560904,0.07186679824802776,0.37845211922909117,0.1279935301896841,0.3078696987485486,0.06694480299203223,0.0001954621437173459,0.0003428098928082891,0.0,0.0,0.0,0.0,0.0,0.0,0.0,0.0
0.028686999051918665,0.04727901212645712,0.28674748601333816,0.11879649291814237,0.3911958910846771,0.12491310814577639,0.000956728929466709,0.001424281730223274,0.0,0.0,0.0,0.0,0.0,0.0,0.0,0.0
0.06706688888406918,0.0950109159970154,0.43644160036347107,0.12658833088274427,0.2359930424320162,0.038700729290141005,8.694072601288977e-05,0.00011155142452995105,0.0,0.0,0.0,0.0,0.0,0.0,0.0,0.0
0.07166058984161106,0.10077755852242233,0.44954038517535566,0.12508631782909815,0.21930171802930157,0.03347811608221127,6.30428700706808e-05,9.227164992941057e-05,0.0,0.0,0.0,0.0,0.0,0.0,0.0,0.0
0.0889428631830498,0.11800534186454764,0.48143483082336164,0.11886216970885485,0.17177676795111058,0.02091905264798765,2.5030015324920433e-05,3.3943805762996585e-05,0.0,0.0,0.0,0.0,0.0,0.0,0.0,0.0
0.07506707610320666,0.10333035327372175,0.45248567689343316,0.12372546111143379,0.21349429022607397,0.03174928088137231,6.365927709293696e-05,8.420223366534957e-05,0.0,0.0,0.0,0.0,0.0,0.0,0.0,0.0
0.03954338418777379,0.06271670665089547,0.34748561680674545,0.12579104419309273,0.33848727600303996,0.08506277049537074,0.0003522207840559747,0.0005609808790260208,0.0,0.0,0.0,0.0,0.0,0.0,0.0,0.0
0.054649446995598955,0.08096334751375378,0.402804826039099,0.12843490790294496,0.2789584366513581,0.053832746647337795,0.0001428996180319467,0.00021338863187550245,0.0,0.0,0.0,0.0,0.0,0.0,0.0,0.0
0.06179729920693694,0.0898177213398709,0.4279393474108017,0.12848501841607624,0.24895226093743572,0.04278765276469489,0.00010104726021333156,0.00011965266397027572,0.0,0.0,0.0,0.0,0.0,0.0,0.0,0.0
0.09466989383494727,0.12134588367333768,0.47832643840689354,0.11727662201713995,0.16803403073344017,0.020274422853939555,3.3795774839820775e-05,3.8912705461927464e-05,0.0,0.0,0.0,0.0,0.0,0.0,0.0,0.0
0.0862736530477266,0.11383792628401398,0.46857658288170306,0.120472103180976,0.18612708321977434,0.02461507810304965,4.006314943618382e-05,5.7510133320178997e-05,0.0,0.0,0.0,0.0,0.0,0.0,0.0,0.0
0.07907260671201885,0.10667635159983575,0.4573266284885102,0.12299905080567258,0.2044837803748709,0.029314748577813222,5.4374426308453875e-05,7.245901497003532e-05,0.0,0.0,0.0,0.0,0.0,0.0,0.0,0.0
0.039373947897717414,0.06211954957526746,0.3430566498351253,0.12676951127228842,0.342027245575571,0.08557343843903358,0.0004963938873424075,0.0005832635176545293,0.0,0.0,0.0,0.0,0.0,0.0,0.0,0.0
0.02928287624183087,0.0480999441342203,0.28779508016710964,0.11782994653845155,0.3885414550629097,0.12583374379931464,0.0010143673887729146,0.0016025866673904116,0.0,0.0,0.0,0.0,0.0,0.0,0.0,0.0
0.06513968671397748,0.09362042189754038,0.43559745564203783,0.12655338403140354,0.23946159370986986,0.03942773524137598,8.658955649920001e-05,0.00011313320729576564,0.0,0.0,0.0,0.0,0.0,0.0,0.0,0.0
0.08860381099063157,0.11707747018587629,0.4767756319823085,0.11830127459746877,0.17645714812088695,0.022710004600983106,3.1586864574853766e-05,4.307265727008846e-05,0.0,0.0,0.0,0.0,0.0,0.0,0.0,0.0
0.06784496930388749,0.09583765820138504,0.4390551891644194,0.12697299277163868,0.2330108757214411,0.037099522482839244,7.774066954027271e-05,0.00010105168484879634,0.0,0.0,0.0,0.0,0.0,0.0,0.0,0.0
0.0539681159172524,0.07983136144043007,0.3961847545707288,0.1273211352138245,0.2850734889304816,0.05714951785539919,0.00019154303824592682,0.00028008303363742415,0.0,0.0,0.0,0.0,0.0,0.0,0.0,0.0
0.06497098124699588,0.09321401784014181,0.4326195460705418,0.12674804045003912,0.24206349138506086,0.040153954663757034,9.751953627813327e-05,0.00013244880718535237,0.0,0.0,0.0,0.0,0.0,0.0,0.0,0.0
0.13216604715166416,0.15147459257994986,0.5038537177553211,0.09848096723452135,0.10467181040265948,0.009335362844205908,7.636516006524979e-06,9.865515671798783e-06,0.0,0.0,0.0,0.0,0.0,0.0,0.0,0.0
0.10170703173894752,0.12781992297139347,0.4868301608318619,0.11432220110038302,0.15209651876493815,0.01717322663526544,2.2982207850092695e-05,2.7955749360384463e-05,0.0,0.0,0.0,0.0,0.0,0.0,0.0,0.0
0.07071617326473344,0.09843330636415026,0.44160474503103875,0.12507619294975678,0.22778061461359242,0.036204663930555596,7.943518059024697e-05,0.00010486866558267572,0.0,0.0,0.0,0.0,0.0,0.0,0.0,0.0
0.037649798284168146,0.05978758729238129,0.3350751358393392,0.1254030400485846,0.3499765429683932,0.09094698152959112,0.0004869199113394716,0.0006739941262030371,0.0,0.0,0.0,0.0,0.0,0.0,0.0,0.0
0.03897630484049995,0.061160117638741233,0.3375864810375565,0.1251068217986799,0.34570767903161037,0.09017485137598838,0.0005663678966456696,0.0007213763802780636,0.0,0.0,0.0,0.0,0.0,0.0,0.0,0.0
0.03632019404636668,0.05764826684452804,0.32705378561485204,0.12411917338615616,0.3568908169941526,0.09673560880460505,0.0004967818297588492,0.0007353724795805712,0.0,0.0,0.0,0.0,0.0,0.0,0.0,0.0
0.07335640166853798,0.10165912632378468,0.4507287467222345,0.12539767074266442,0.21648813653550902,0.03222665204841789,6.408713512098738e-05,7.917882373032658e-05,0.0,0.0,0.0,0.0,0.0,0.0,0.0,0.0
0.06546742122223796,0.0939277590573609,0.4334758990328218,0.12697903874860134,0.24035253676766435,0.039554140964705754,0.00011109836173390573,0.0001321058448740037,0.0,0.0,0.0,0.0,0.0,0.0,0.0,0.0
0.15222546042466092,0.16318551022682165,0.5013791512068195,0.0916789944949865,0.0848856971562067,0.00663507278806124,4.567614560873684e-06,5.546087882547691e-06,0.0,0.0,0.0,0.0,0.0,0.0,0.0,0.0
0.055591932850736284,0.08311507054594108,0.4101088003358682,0.12898343560395106,0.27174675187735053,0.050114366763709825,0.000147263829183855,0.00019237819325914685,0.0,0.0,0.0,0.0,0.0,0.0,0.0,0.0
0.03933637626844274,0.06187544471110564,0.3421018614068924,0.12604576973650908,0.34241596963304427,0.08717771207196734,0.00043226186974302096,0.0006146043022954657,0.0,0.0,0.0,0.0,0.0,0.0,0.0,0.0
0.03230112311981229,0.05204689789788159,0.3058209222129893,0.12197106661430386,0.37529135362825133,0.11089800962814318,0.0007154231312940582,0.0009552037673243636,0.0,0.0,0.0,0.0,0.0,0.0,0.0,0.0
0.05385801634975535,0.08098563210484985,0.404323090410588,0.1290323291897864,0.27865991025645603,0.05277307186088625,0.0001513334352105296,0.0002166163924675841,0.0,0.0,0.0,0.0,0.0,0.0,0.0,0.0
0.0942886947245935,0.12191694593290145,0.4829002956503252,0.11669644707804197,0.16451124247651258,0.01962723870632186,2.7030481890642716e-05,3.2104949412763396e-05,0.0,0.0,0.0,0.0,0.0,0.0,0.0,0.0
0.06951602028139979,0.09700610320883699,0.4383653622757224,0.1251174620017702,0.23222945091740171,0.03756449738579275,8.099283021556357e-05,0.00012011109886059024,0.0,0.0,0.0,0.0,0.0,0.0,0.0,0.0
0.1026021780210841,0.13017820818046133,0.49541367155076604,0.1117639308665013,0.1443473895244308,0.015659137464073665,1.5539763857250986e-05,1.9944628825457634e-05,0.0,0.0,0.0,0.0,0.0,0.0,0.0,0.0
0.0576379166865066,0.08439896919097932,0.40905281096959023,0.12748903602233652,0.2698262659604215,0.051226664205902994,0.00014497112689967423,0.00022336583736325979,0.0,0.0,0.0,0.0,0.0,0.0,0.0,0.0
0.044626060662625665,0.06912392351816071,0.36692219047319663,0.1283871960422248,0.3183654033562424,0.0718555156133144,0.0003199168372856957,0.0003997934969497291,0.0,0.0,0.0,0.0,0.0,0.0,0.0,0.0
0.06679578612651273,0.09513523850207646,0.43767265459281013,0.12666605990569224,0.23524871663596714,0.03829388403301227,7.673075461326359e-05,0.00011092944931570314,0.0,0.0,0.0,0.0,0.0,0.0,0.0,0.0
0.07796489057042032,0.10688661247298602,0.4628604716409203,0.12339915050527642,0.20084525131439052,0.027946399159700784,3.950856795914957e-05,5.771576834653455e-05,0.0,0.0,0.0,0.0,0.0,0.0,0.0,0.0
0.042587731110641236,0.06693459545420069,0.3630436520412551,0.12818967241365195,0.3242137173596356,0.07434653214759349,0.00026077173255475305,0.0004233277404671306,0.0,0.0,0.0,0.0,0.0,0.0,0.0,0.0
0.05633331099066197,0.08271944839519445,0.4048598360935799,0.12768664400981294,0.27508986711997535,0.05292885781012623,0.0001551972315953963,0.00022683834905378537,0.0,0.0,0.0,0.0,0.0,0.0,0.0,0.0
0.09576347429669108,0.12293926404107855,0.48320810371686995,0.11579313150492816,0.16266830915044314,0.019570543523054117,2.4368146729664078e-05,3.280562020529854e-05,0.0,0.0,0.0,0.0,0.0,0.0,0.0,0.0
0.03865307500127491,0.0610066814881406,0.339813569876665,0.1260136094497861,0.34558711911259543,0.08791986618278029,0.0003832034414789357,0.0006228754472786923,0.0,0.0,0.0,0.0,0.0,0.0,0.0,0.0
0.0735918909172493,0.10037603099602127,0.4422120527256301,0.12390556820566286,0.22441749784855794,0.035303305720723516,7.426326137854052e-05,0.00011939032477650817,0.0,0.0,0.0,0.0,0.0,0.0,0.0,0.0
0.06426283173304644,0.09233898184525313,0.4313128659132416,0.12818769660416474,0.24333462614783796,0.04034118816833343,9.794243154017198e-05,0.0001238671565826237,0.0,0.0,0.0,0.0,0.0,0.0,0.0,0.0
0.05133703222609947,0.07723237805282294,0.39183939891340563,0.12903420070915708,0.2911246878024722,0.05898731250030546,0.00018549974411067723,0.0002594900516265122,0.0,0.0,0.0,0.0,0.0,0.0,0.0,0.0
0.07060289987298364,0.09854448484835457,0.4427636495077771,0.1256036238250888,0.22669242880339618,0.03561397906261246,7.367187141918482e-05,0.00010526220836792754,0.0,0.0,0.0,0.0,0.0,0.0,0.0,0.0
0.05196206839117662,0.07806521707384462,0.39418157202582343,0.12749804994860386,0.28846506295610075,0.05938545214520628,0.00017197212829220035,0.0002706053309523339,0.0,0.0,0.0,0.0,0.0,0.0,0.0,0.0
0.04425415087558558,0.06824769226763834,0.3643368393036548,0.12800978609294186,0.32068086707595145,0.07377903580765403,0.00028814368688139164,0.00040348488969252545,0.0,0.0,0.0,0.0,0.0,0.0,0.0,0.0
0.056416933717366224,0.0833904507798728,0.4093218685542754,0.12834162968045368,0.2710688131874823,0.05113466222262098,0.00012997363683495822,0.00019566822109367174,0.0,0.0,0.0,0.0,0.0,0.0,0.0,0.0
0.09629398682362571,0.12364509208631123,0.48472618989733346,0.11649989322334685,0.160138513742367,0.01864245774729064,2.3309976142644475e-05,3.055650358241144e-05,0.0,0.0,0.0,0.0,0.0,0.0,0.0,0.0
0.08710495347898253,0.11467548302781753,0.4702844693150291,0.11944560364985342,0.18408461756249705,0.024314563968365115,3.825022821918817e-05,5.205876923611882e-05,0.0,0.0,0.0,0.0,0.0,0.0,0.0,0.0
0.05360150497317465,0.08029185486888848,0.4008418830127125,0.1280712314795145,0.281525268387354,0.055280577461976135,0.00015941681931268197,0.0002282629970669628,0.0,0.0,0.0,0.0,0.0,0.0,0.0,0.0
0.06443972378309576,0.09211814025372375,0.4299204969057668,0.12720966177074058,0.24454832110139813,0.04154720918388798,8.7413516866607e-05,0.00012903348452054502,0.0,0.0,0.0,0.0,0.0,0.0,0.0,0.0
0.08669757850598257,0.11532614665795166,0.47487265154410707,0.11916253754054515,0.1804324893944791,0.023433493951707914,3.196075046803476e-05,4.314165475842104e-05,0.0,0.0,0.0,0.0,0.0,0.0,0.0,0.0
0.07537202082816985,0.10399804897528572,0.4564874264482838,0.12432171018263355,0.20932550144084303,0.030380637690824084,4.8994218912335354e-05,6.56602150474891e-05,0.0,0.0,0.0,0.0,0.0,0.0,0.0,0.0
0.029600330570049804,0.04806739336793302,0.28834039115215565,0.11870797379741267,0.3883705057515823,0.12459941553202981,0.0009048772252761704,0.0014091126035606087,0.0,0.0,0.0,0.0,0.0,0.0,0.0,0.0
0.06902368338687451,0.09711433243634357,0.4385498577428462,0.12563588148096064,0.23214814708799655,0.03731943060177057,8.321519104495469e-05,0.00012545207216304409,0.0,0.0,0.0,0.0,0.0,0.0,0.0,0.0
0.04666303204373795,0.07190195329723315,0.3763927763340486,0.12829567585439236,0.30872123539077206,0.06740334518095976,0.0002435294894715633,0.00037845240938453326,0.0,0.0,0.0,0.0,0.0,0.0,0.0,0.0
0.051471205518124764,0.077101888859228,0.3885394928732128,0.12752204009250412,0.293918469513231,0.06089508974911047,0.00022853419574677287,0.0003232791988421657,0.0,0.0,0.0,0.0,0.0,0.0,0.0,0.0
0.08448281517686446,0.11321798721405259,0.47114109938457416,0.12110356543525676,0.18572801091462532,0.02424073037577657,3.6923071999073464e-05,4.886842685118849e-05,0.0,0.0,0.0,0.0,0.0,0.0,0.0,0.0
0.06354944855799262,0.09117826564769752,0.4266163369745801,0.12687201065096393,0.248466738493271,0.04305705499091938,0.0001114317757080434,0.00014871290886736996,0.0,0.0,0.0,0.0,0.0,0.0,0.0,0.0
0.04343462206241192,0.06754073401103203,0.36245877818776107,0.12815185527236567,0.32352536568001916,0.07415174368429672,0.0003134703126036397,0.0004234307895097857,0.0,0.0,0.0,0.0,0.0,0.0,0.0,0.0
0.09981181316214767,0.12584389857365957,0.4851238987185357,0.1136632696547159,0.1568719118810614,0.01863093883425666,2.3628246620369886e-05,3.0640929002706385e-05,0.0,0.0,0.0,0.0,0.0,0.0,0.0,0.0
0.02733247425120476,0.04564722293351018,0.28017548227249994,0.11726298804250751,0.3953966303296279,0.1315495564807215,0.0011142027587093522,0.0015214429312187206,0.0,0.0,0.0,0.0,0.0,0.0,0.0,0.0
0.04226991805867121,0.06566581995446934,0.3559198860436553,0.12721739831930992,0.32912157322626506,0.07904328099414437,0.00031009955825468975,0.00045202384522996633,0.0,0.0,0.0,0.0,0.0,0.0,0.0,0.0
0.10295452453905715,0.13003076835884914,0.49376258931489614,0.11170891081711545,0.1452646927697666,0.016237730910836055,1.6528765489041073e-05,2.4254523990417627e-05,0.0,0.0,0.0,0.0,0.0,0.0,0.0,0.0
0.05319486848057247,0.0798710462881539,0.4011712630283162,0.12785968066396347,0.28216299986735804,0.05536391317839718,0.0001497336726665379,0.00022649482057222444,0.0,0.0,0.0,0.0,0.0,0.0,0.0,0.0
0.0773055822458621,0.10558211072387777,0.45798419213729546,0.12443900902160678,0.20531116198034619,0.029264201387679028,4.858308505593562e-05,6.515941827672402e-05,0.0,0.0,0.0,0.0,0.0,0.0,0.0,0.0
0.0865021719601976,0.11431216942601838,0.4706362677265253,0.12087971395686133,0.18383485894176324,0.023748010958947463,3.897792158348222e-05,4.782910810324822e-05,0.0,0.0,0.0,0.0,0.0,0.0,0.0,0.0
0.07228660203793741,0.1000369732010084,0.4447014569569033,0.12475530815522624,0.2231189200710062,0.03493117932103454,6.879524834158943e-05,0.00010076500854244093,0.0,0.0,0.0,0.0,0.0,0.0,0.0,0.0
0.05820966810474683,0.08552223691491236,0.4150775927834339,0.1285642669284957,0.2642714463609894,0.048066067933369705,0.00011999266599666109,0.000168728308055381,0.0,0.0,0.0,0.0,0.0,0.0,0.0,0.0
0.07632094230130443,0.1044334322767419,0.453611036515699,0.12243877304998148,0.21101963380704283,0.0320335425710179,5.692211326165501e-05,8.571736495074709e-05,0.0,0.0,0.0,0.0,0.0,0.0,0.0,0.0
0.045019978710787445,0.06939572730225138,0.3678873137836495,0.12747371519792228,0.3177237505208903,0.071821120107018,0.0002885184669291119,0.0003898759105519974,0.0,0.0,0.0,0.0,0.0,0.0,0.0,0.0
0.047648683481517,0.07249889315069927,0.37697768960181954,0.1286143864483062,0.3075599257128733,0.06609378478603745,0.00025611599734089613,0.0003505208214063069,0.0,0.0,0.0,0.0,0.0,0.0,0.0,0.0
0.06480888739964914,0.09243350776513742,0.43045732511087775,0.12697876657663068,0.24388865241518792,0.04121434929829387,8.841784687440752e-05,0.000130093587348862,0.0,0.0,0.0,0.0,0.0,0.0,0.0,0.0
0.05274014768498943,0.07889407841783852,0.3977977862252289,0.12888411567398889,0.28480623133494337,0.056509068597331506,0.0001515901946460592,0.000216981871033419,0.0,0.0,0.0,0.0,0.0,0.0,0.0,0.0
0.03111004706083005,0.05112285911844247,0.3044392447325179,0.1208011690077986,0.3776344208146383,0.11317394421477169,0.0006716523594946462,0.0010466626915062321,0.0,0.0,0.0,0.0,0.0,0.0,0.0,0.0
0.06792036672907946,0.09702274868966465,0.44410699821442123,0.1275211463907435,0.22827636894257736,0.03499564332795733,6.752835311778677e-05,8.91993524387623e-05,0.0,0.0,0.0,0.0,0.0,0.0,0.0,0.0
0.07065417830093733,0.0987755901110788,0.44283546300227555,0.12529500383602415,0.226666575215706,0.03558691823261129,8.031166379764899e-05,0.00010595963756916678,0.0,0.0,0.0,0.0,0.0,0.0,0.0,0.0
0.030449311916268883,0.05003733428203123,0.29706809996785366,0.11930917680346018,0.3815415564097113,0.11945958614317953,0.0008478751341994597,0.0012870593432959116,0.0,0.0,0.0,0.0,0.0,0.0,0.0,0.0
0.04327794345739616,0.0676052012677719,0.3642041522973046,0.12883666243639402,0.3220501626723375,0.07332347378222949,0.00030514759856346103,0.0003972564880028897,0.0,0.0,0.0,0.0,0.0,0.0,0.0,0.0
0.06755512074036084,0.09612726935093412,0.44108914234343183,0.12665960862424247,0.23159570109765246,0.0368031932270663,6.993566054282188e-05,0.00010002895576908906,0.0,0.0,0.0,0.0,0.0,0.0,0.0,0.0
0.099417490544309,0.126545147110624,0.4892682618220976,0.11449154506937345,0.15285815784646073,0.017373628216834778,2.041905850997534e-05,2.535033179054204e-05,0.0,0.0,0.0,0.0,0.0,0.0,0.0,0.0
0.05727258988047081,0.0844079052248979,0.4123559303331296,0.12957294293345833,0.2681172418628007,0.04796518043069148,0.00013708262301851572,0.00017112671153271056,0.0,0.0,0.0,0.0,0.0,0.0,0.0,0.0
0.10477169969513654,0.13082929312133065,0.4945876769363677,0.11212298708268474,0.1422342583633305,0.015421307257853279,1.5118820614378799e-05,1.765872268219807e-05,0.0,0.0,0.0,0.0,0.0,0.0,0.0,0.0
0.09931226483930485,0.12549577299066503,0.4847421013501256,0.115065800254818,0.15691027935705315,0.018419151086000243,2.3651717224672114e-05,3.0978404808408366e-05,0.0,0.0,0.0,0.0,0.0,0.0,0.0,0.0
0.06252381279958437,0.08957209737420484,0.42147617901056555,0.1267844732593801,0.2546089110776321,0.044743950273222845,0.00012414702963944705,0.00016642917577067758,0.0,0.0,0.0,0.0,0.0,0.0,0.0,0.0
0.05371500308107036,0.08039749067443969,0.4013846478896873,0.12885451278891902,0.2805751108116815,0.05468105323068913,0.00016203431501729182,0.00023014720849581107,0.0,0.0,0.0,0.0,0.0,0.0,0.0,0.0
0.049876352387051445,0.07565219191875815,0.38706293751847903,0.12823233837263012,0.2968142366106783,0.06184112737366798,0.00023040651109913768,0.00029040930763588345,0.0,0.0,0.0,0.0,0.0,0.0,0.0,0.0
0.07393970783668745,0.10298520031959561,0.45550733238986796,0.12410089222158331,0.21219143397325044,0.031155784402058444,4.9633095880613864e-05,7.001576107637704e-05,0.0,0.0,0.0,0.0,0.0,0.0,0.0,0.0
0.056728286404251385,0.08357375189478541,0.40722817976601844,0.12759660668857384,0.2722532895802762,0.05224756214513758,0.00015097509250092724,0.0002213484284562462,0.0,0.0,0.0,0.0,0.0,0.0,0.0,0.0
0.0812498807347711,0.10991747339769012,0.46475298044758556,0.12164285177762182,0.19524272624173394,0.027083982678791144,4.5959722427101876e-05,6.414499937911587e-05,0.0,0.0,0.0,0.0,0.0,0.0,0.0,0.0
0.0693047797430878,0.0977855122059591,0.44351228960823974,0.12577277374578316,0.22765354066697957,0.035799766950988285,7.435153671574054e-05,9.698554224660693e-05,0.0,0.0,0.0,0.0,0.0,0.0,0.0,0.0
0.060132921674435375,0.08728854913132,0.415928633691136,0.12642720319709125,0.2615020849496058,0.048380728556022684,0.00013723570706807492,0.0002026430933208774,0.0,0.0,0.0,0.0,0.0,0.0,0.0,0.0
0.06356596816437869,0.09232825491987183,0.43386035691479297,0.12727840425249873,0.24249607591986305,0.04027491370955591,7.81935105779182e-05,0.00011783260846088707,0.0,0.0,0.0,0.0,0.0,0.0,0.0,0.0
0.056714550063063814,0.08363386628973818,0.41048084063174684,0.12847735732457538,0.27002081078956874,0.05036492660536615,0.00012351268455518003,0.00018413561138569222,0.0,0.0,0.0,0.0,0.0,0.0,0.0,0.0
0.059727120594635044,0.08728037383036523,0.4189170073506089,0.12820119495840746,0.2594151805091667,0.04617524953108007,0.0001206651504068919,0.00016320807532973981,0.0,0.0,0.0,0.0,0.0,0.0,0.0,0.0
0.05415640035703879,0.08023558673032452,0.3989646521000718,0.12811191567701602,0.28255790194116304,0.05555669951620242,0.0001635850107688156,0.00025325866741453783,0.0,0.0,0.0,0.0,0.0,0.0,0.0,0.0
0.062225367542022327,0.08991719316739251,0.4232571725854967,0.1276090927572276,0.2528092496914859,0.04389531864797362,0.00012664158093889859,0.00015996402746243862,0.0,0.0,0.0,0.0,0.0,0.0,0.0,0.0
0.06216979344682532,0.08987426584755241,0.4255768028416841,0.1283213833197209,0.2508504649790319,0.04296508792652224,0.0001056895570718801,0.00013651208159135995,0.0,0.0,0.0,0.0,0.0,0.0,0.0,0.0
0.08814432812139669,0.11552766744002126,0.4714292511205075,0.11869186620402898,0.1821230160319698,0.023996009427433625,3.5841133188159806e-05,5.202052145415134e-05,0.0,0.0,0.0,0.0,0.0,0.0,0.0,0.0
0.09163462853124926,0.11925991212540535,0.4790244207682274,0.11791426790141579,0.170932013743116,0.02116955730829494,2.925208753074088e-05,3.5947534760579005e-05,0.0,0.0,0.0,0.0,0.0,0.0,0.0,0.0
0.11437778033400624,0.1377757284676561,0.49546572217044244,0.10742250993427487,0.1312772652918167,0.013646387103972993,1.6067297471271842e-05,1.8539400359436548e-05,0.0,0.0,0.0,0.0,0.0,0.0,0.0,0.0
0.055436826387688334,0.08225335345427733,0.4070003251270081,0.12896008294243796,0.274437844547166,0.05158579061215733,0.00013451229505694179,0.00019126463420790398,0.0,0.0,0.0,0.0,0.0,0.0,0.0,0.0
0.07040210382538986,0.09821022419108567,0.43950603167087804,0.12533287784157496,0.22981370887847258,0.036520921177754725,9.016632590552097e-05,0.00012396608893864655,0.0,0.0,0.0,0.0,0.0,0.0,0.0,0.0
0.06874723698550374,0.09636870742130042,0.4377488277047782,0.12603827301119352,0.23296048676731587,0.0379326254686614,8.87958185339555e-05,0.00011504682271285643,0.0,0.0,0.0,0.0,0.0,0.0,0.0,0.0
0.07643380707537893,0.1042065321993769,0.45373212194477647,0.12411101497329692,0.2104797227899756,0.030905734496115875,5.6745678335704074e-05,7.432084274349702e-05,0.0,0.0,0.0,0.0,0.0,0.0,0.0,0.0
0.08615068285781209,0.11397248749529795,0.4721447570324865,0.11994745691572259,0.18354728345916194,0.024161848506182245,3.30644419585947e-05,4.2419291378121794e-05,0.0,0.0,0.0,0.0,0.0,0.0,0.0,0.0
0.03579883352035563,0.05754209363493975,0.32839213978508885,0.12420839060834833,0.3559188386087548,0.09695254044705451,0.00046181969703716657,0.0007253436984208563,0.0,0.0,0.0,0.0,0.0,0.0,0.0,0.0
0.0994779339356862,0.12652060456656725,0.48798872107806923,0.11429665775158508,0.15397704432899062,0.01769198856044632,2.041344762013569e-05,2.663633103512121e-05,0.0,0.0,0.0,0.0,0.0,0.0,0.0,0.0
0.05469954500642951,0.0814972744804761,0.4036813159171818,0.1279867712910287,0.2780525828427837,0.05369440543258717,0.0001627089309979181,0.00022539609851492551,0.0,0.0,0.0,0.0,0.0,0.0,0.0,0.0
0.05712619256502366,0.08456837611359337,0.41374522602968694,0.12893852608403236,0.26680472526873134,0.04852936087180029,0.00012014661201574118,0.0001674464551162138,0.0,0.0,0.0,0.0,0.0,0.0,0.0,0.0
0.051794397201568886,0.07765646695422879,0.39259652884151897,0.12890176340229165,0.2905894264482948,0.058009387676233086,0.0001874981360271179,0.00026453133983661266,0.0,0.0,0.0,0.0,0.0,0.0,0.0,0.0
0.058121710133451084,0.08505851957250087,0.4139010393155231,0.12868331129090582,0.2652994379354056,0.04865796159779504,0.00011436356225019789,0.000163656592168282,0.0,0.0,0.0,0.0,0.0,0.0,0.0,0.0
0.044133731780716154,0.06772249847965435,0.35841160018357227,0.1259628746350938,0.3249545502941563,0.0778905815280977,0.0003760133841831454,0.0005481497145262462,0.0,0.0,0.0,0.0,0.0,0.0,0.0,0.0
0.06393974607793716,0.09165377353599269,0.42755882767179115,0.1264669334471895,0.24744148969928598,0.04268412047663451,0.00010636286539418689,0.00014874622577481717,0.0,0.0,0.0,0.0,0.0,0.0,0.0,0.0
0.04635142841740704,0.0716276438182367,0.37774720452090066,0.12899150419173003,0.30885721020610846,0.06590237099126499,0.00021065987880347783,0.00031197797554866,0.0,0.0,0.0,0.0,0.0,0.0,0.0,0.0
0.08082140253196637,0.10899374931335261,0.4638090920598093,0.1224721109745413,0.19671301423689463,0.02708763037720113,4.657280577034475e-05,5.6427700464183e-05,0.0,0.0,0.0,0.0,0.0,0.0,0.0,0.0
0.08899218184638921,0.11682775811115476,0.47476964131126675,0.11995333817973527,0.17716617336978582,0.02221367486175926,3.547627736380361e-05,4.175604254518224e-05,0.0,0.0,0.0,0.0,0.0,0.0,0.0,0.0
0.044249259006291904,0.06845922495958907,0.36617971362103396,0.127086479228309,0.32035653114184925,0.07301183279685346,0.0002726658332813155,0.00038429341279195146,0.0,0.0,0.0,0.0,0.0,0.0,0.0,0.0
0.05602110784675446,0.08238853395923457,0.4050831633545354,0.12788104069718642,0.27529120312891814,0.052965650010558724,0.00014952984713547537,0.00021977115567675838,0.0,0.0,0.0,0.0,0.0,0.0,0.0,0.0
0.07369196680743009,0.10211727128578249,0.451433441559751,0.12506259488368687,0.21567072095156253,0.03188625523424323,5.793849797303241e-05,7.981077957076447e-05,0.0,0.0,0.0,0.0,0.0,0.0,0.0,0.0
0.0613225264711115,0.08883879461859918,0.42115360533842044,0.12662785202232962,0.25590697504075594,0.045857284837331425,0.00011603125649352244,0.00017693041495835633,0.0,0.0,0.0,0.0,0.0,0.0,0.0,0.0
0.08032684567455092,0.10845534877263364,0.4616890490937831,0.12206771083096506,0.19922703380423246,0.028119183338251263,4.804432209062217e-05,6.678416349283035e-05,0.0,0.0,0.0,0.0,0.0,0.0,0.0,0.0
0.07504137483361016,0.103234467189414,0.45262237722041315,0.12383631545403948,0.21319284566281896,0.03193409578176524,5.8926684412029774e-05,7.95971735270329e-05,0.0,0.0,0.0,0.0,0.0,0.0,0.0,0.0
0.06155003408154682,0.0895922058960551,0.4262127566064521,0.12781871861357394,0.25139408721610396,0.0432019129356628,9.374139424363604e-05,0.00013654325636170932,0.0,0.0,0.0,0.0,0.0,0.0,0.0,0.0
0.06786988464808408,0.09624244616186574,0.44197388442203206,0.12766583495395042,0.23008292028733393,0.03600469011365944,7.075839427850053e-05,8.958101879597233e-05,0.0,0.0,0.0,0.0,0.0,0.0,0.0,0.0
0.07074967788392612,0.09940895500259088,0.44546863676075227,0.12566004687507074,0.22371113238683754,0.034827956049909264,7.015872109758621e-05,0.00010343631981568545,0.0,0.0,0.0,0.0,0.0,0.0,0.0,0.0
0.09705222762073847,0.12413516319886884,0.4861459364615913,0.11522335039005624,0.15880586460190585,0.018588075769197788,2.1572347212120044e-05,2.7809610429353008e-05,0.0,0.0,0.0,0.0,0.0,0.0,0.0,0.0
0.07814650727774436,0.10645073163223864,0.4596428652867,0.12356388462291401,0.20337947494489927,0.028707944619789275,4.783371198629874e-05,6.07579037282012e-05,0.0,0.0,0.0,0.0,0.0,0.0,0.0,0.0
0.07877145715603645,0.10711964540900813,0.459903010586947,0.12290079662696413,0.2022315553272072,0.028958003514867,4.566368887342742e-05,6.986769009666926e-05,0.0,0.0,0.0,0.0,0.0,0.0,0.0,0.0
0.04477119114032068,0.06925125979995096,0.3676067206616417,0.12707483754531568,0.3175600119157105,0.07302974729700196,0.0002831868659271532,0.0004230447741315608,0.0,0.0,0.0,0.0,0.0,0.0,0.0,0.0
0.07462325675252064,0.10169553022529328,0.44707784653435556,0.12517413211749998,0.2184212235650916,0.03285111663449905,6.46298044547609e-05,9.226436628521456e-05,0.0,0.0,0.0,0.0,0.0,0.0,0.0,0.0
0.05066855738807512,0.0762685699765506,0.3896481305778122,0.1285421635809909,0.2937801770337111,0.060620795683252376,0.00019470347705297073,0.0002769022825547106,0.0,0.0,0.0,0.0,0.0,0.0,0.0,0.0
0.05308866679839313,0.07851725707532559,0.39248138182999187,0.12779785644060246,0.2887554817831445,0.058871438536751926,0.00020672402616926135,0.0002811935096212679,0.0,0.0,0.0,0.0,0.0,0.0,0.0,0.0
0.07527264264168451,0.10333954467888105,0.45193822234142145,0.12319548263803727,0.21382189901767276,0.03227864388679074,6.547934296791155e-05,8.808545254416159e-05,0.0,0.0,0.0,0.0,0.0,0.0,0.0,0.0
0.041076701910194566,0.06424094810214209,0.3499106118851388,0.12621447556156062,0.3347756025745367,0.08281212502574746,0.00038725306040738683,0.0005822818802723755,0.0,0.0,0.0,0.0,0.0,0.0,0.0,0.0
0.10088322902269994,0.12717213031182203,0.487369638272771,0.11394203491242964,0.15305877336139007,0.01752570920948506,2.060929033423713e-05,2.7875619067993574e-05,0.0,0.0,0.0,0.0,0.0,0.0,0.0,0.0
0.10268933802949803,0.12895539820626328,0.48955880272817487,0.1124074099972575,0.1492992468322863,0.01704344409631847,1.9508728885834265e-05,2.6851381315788282e-05,0.0,0.0,0.0,0.0,0.0,0.0,0.0,0.0
0.10846134136768801,0.13499694186378372,0.4985016992042682,0.10985936860208552,0.1342738268699322,0.013875844347273472,1.3601697874170882e-05,1.7376047094909225e-05,0.0,0.0,0.0,0.0,0.0,0.0,0.0,0.0
0.05757611960611914,0.08473996833587656,0.411533904249036,0.12793919782240176,0.26822368546697195,0.04963718995331528,0.00015174917276601933,0.00019818539351335813,0.0,0.0,0.0,0.0,0.0,0.0,0.0,0.0
