C2_AcCoA,C3_MalCoA,ACP,NADPH,NADH,FabD,FabH,FabG,FabZ,FabI,TesA,FabF,FabA,FabB,total_production,mean_chain_length
503.1432555273348,530.0814738529125,9.421584946466734,964.9725588454234,933.6584083536866,1.0601875873258533,1.012200063053987,1.051936060162797,1.076205808106755,1.074208887382386,9.805760842501279,1.0195388483912968,1.0141853379039607,1.072567566900271,41.399879032960506,13.378718261589663
496.69737841771746,515.9268308906546,9.317560199633775,1066.9139757563955,1015.1945003743499,0.9705799165084746,0.9526317840695671,0.9839348697635544,0.9538418543269682,1.0399076161261156,9.862316279312845,0.9230688795496259,1.080633312513551,1.0239662239957048,40.273190528894325,13.263222228499053
516.0105662610821,513.9584990423785,9.884387032253894,1029.1102924286572,1067.3903488652998,0.9394698801592837,1.0774904782800725,0.9259357451956662,0.9773352461779702,1.0536441018144493,9.379944415275968,1.0594641925497985,0.9647211254897229,1.0433137560881098,41.915084110882724,13.378819768330317
502.622502928826,405.69312109693163,11.138750262426516,912.4099717359944,981.793261981764,0.9855604858120598,0.9393487468729879,0.9887644144670615,0.9608608919600472,1.0316512116818013,9.5963746776543,0.9769373310333733,0.9398988618639406,0.9026360057037431,39.03545846436721,12.930879229660917
486.60826567097223,506.5157437266735,10.138770180616728,1052.0701099093344,936.5720191704844,0.9590962520729223,0.9743187338729596,1.0846352999290996,0.9299409913752898,0.9666442702774609,10.028568497915765,0.9597059646081452,0.9372648199920052,0.9874841634404448,41.346668834379194,13.190982456995357
509.0398763727371,499.3638670826864,10.3814594167503,946.2604252388373,923.3359761125087,0.9374700010385704,1.071170793754798,1.0804618431706832,1.0311296831802985,0.9835816317760288,9.033653725517112,1.00193783659358,0.9762102704413874,1.0004524949372815,42.61864594679648,13.282744886381629
532.6000011282534,496.3238623288417,10.106359173134319,991.1043026708685,965.9674142693032,1.0218768876113486,1.1244906056374064,0.9763456923856633,0.9473573386522987,1.0453265211626759,10.048998339848168,1.0225357399097388,1.0250180941217168,0.9491874935194234,42.59742115436101,13.175907767393472
523.677024078231,484.2355502507245,10.391491083054293,1033.4056710841946,1078.9771911084536,1.0399086153798902,0.9954136760539303,1.01540576001775,0.9657887578731367,0.9656286939059725,10.302970258595888,0.9886996503210784,0.9921748390094893,0.9999286015860063,41.385190682431855,13.10963346219846
482.4066191048252,501.38412437283887,9.328455674767524,985.007341970041,989.6130231233794,0.9724134291404439,0.9792882887161822,1.0306372870015323,1.047138646184735,0.9439325054241985,10.686634979080253,1.0330020168198821,0.9655359233148608,0.9869788884512496,39.9363687309058,13.249882548845692
468.3644632238487,510.30293512820833,9.784744014903708,1055.9472027808604,948.1028312971775,1.0261811461822443,0.8746434031509565,0.9260417423263099,1.0432606574903573,0.997811128368603,10.227847076779618,0.911695116915402,0.9445769244082836,0.9420016401776558,40.14187010201389,13.180696903852619
484.4181384365662,493.40529598648436,10.13067542280502,1038.063188025658,969.5264577917785,0.9806486492540238,1.0855226008262295,0.9733538757318855,0.9689287893161658,0.9091002318224309,10.578713579370039,0.9949969225261548,0.9882369488252064,1.0282184460075,42.290162807411285,13.096041352878023
501.0331494836811,488.4168965072532,9.991041591972513,921.1562194756513,975.8227514348424,0.995014293542159,1.01540910889963,0.9797293310748059,0.934598028195654,0.9608789407525924,10.150615445003236,1.0430515311692259,1.0310005952308743,0.9670014578343001,40.74936045740802,13.22535601916231
441.8742306340291,530.7438452734817,9.904003389943954,976.378292178311,1013.2806707610852,1.0061701205496285,0.9058029589748859,1.0202026093342291,0.9947873174901595,0.9430225813155654,10.74725529978313,1.0239779601615477,1.055765886534818,0.9805270438298749,40.762473837874985,13.280865807410771
494.53020840168637,472.36582231827185,9.667061960128532,1014.1036866610682,966.9991773212238,1.0746641770696008,1.0435678446738446,0.9744849338165736,0.9201067056199693,0.9793751811331424,10.063840263520445,0.985818789213512,1.0624267891825596,1.0484973806207123,40.33498530254209,13.157220621446712
468.8522263186734,525.753879945597,9.870808448647898,971.2500659367479,955.5030212664415,1.0253779432586014,1.030694064101966,0.9301306501739265,0.9494787895757252,1.0656170983403572,11.043675866977358,1.0162731708980735,1.035515183426485,0.9677289569306269,42.20670875624767,13.1773657996828
481.6933161324137,504.42031159326314,9.612901088054334,989.1861746909431,990.5991507728512,0.9500443445730056,0.9822800188422317,1.0162103406565433,0.9806111850834544,1.1159592468667894,10.299921950266622,1.0878362043240446,1.0152017330780463,1.0700331391243314,40.251404619697865,13.334956564176737
486.3935254285673,479.8923588679393,8.789083492570109,1039.9892455694476,1023.4335162298111,1.0257914617875,0.9721081815543801,0.9678996320501027,0.9920934888224602,1.0296525406750747,9.721358585030073,0.9435334236091866,0.968814644386625,1.0235711160482068,38.482598016851966,13.269253582930443
492.09249609077114,492.75045259826715,9.402745779147207,1015.8390653341728,1035.8521883964424,0.9889405864881634,1.0365062662418216,0.9386051904937736,0.9722384894164197,0.9519685343425228,10.092363753971636,1.0130980629137802,1.0155570626744934,0.958393021679746,40.3204033828425,13.25075863545117
510.2907634093533,477.0001599296951,10.23782646943722,953.969048242257,1027.52660081336,0.9766819795546194,1.011697266690724,0.9387301600198575,0.9927327549279531,1.036555030391532,9.129150294005408,1.0063102388168303,1.0741885246894713,0.9274032714339063,40.99923969248462,13.254612869335139
526.0628342360669,516.876612960236,10.778538977835813,1008.7303184676819,977.1251535164683,0.9580119321240005,1.0243416821018811,0.9888510836034834,1.0691020160297398,1.0210245933817672,10.60554134931531,1.034900688128093,1.0054010493850252,1.0040664884409285,43.466168705801884,13.14525713633589
496.78663342639913,508.6975440492618,10.906790085661843,969.3865182445064,915.2461490986602,0.9986869868721788,1.0613247366304928,1.0725528512026603,1.0313563080929204,0.9698815919491678,9.863328871722981,0.9429398044194334,1.0372671396986444,0.9633950330389746,44.180089369393116,13.087023421166831
534.1615867637422,486.08009562117047,10.048375871844355,939.2403820385607,960.0741928561506,0.9969933782356658,1.0596594976706288,0.9912727010374032,1.0689613128677173,1.0440538554099565,10.616411829563159,1.0800899826995694,1.0001224444319443,0.9409736770118192,41.552028117465326,13.169184943919442
483.3701331628347,472.44454252364443,10.446691811722067,943.4972074998967,1014.2040696638026,0.9798908817727761,1.0380256552736251,1.0536562542027517,1.044801469932563,0.9758218135588761,11.104680185095342,1.043580412267015,1.023681165038236,0.9364361008764139,41.732327068966654,13.019545612250186
508.7877517523255,507.54290233752675,10.453988955355362,1014.3477768550459,933.3182357245043,0.9304426327950868,1.0292642352043215,0.8876934223022154,1.011599083445971,0.9710277666287992,10.00521917275968,1.1159418569426771,0.9537008046594374,0.9740743127098322,41.96450672031175,13.312071862996739
522.5867545412952,523.9346401710483,9.653870408065963,998.5943147003219,1012.6309611491406,0.9146413853465238,0.9360907638110326,0.9580669470610732,0.9393079862798301,1.0028685455550508,10.019127654698947,1.0040317242586803,0.9359610947518402,0.9762103821059004,40.242017350488084,13.336195125395507
502.35030744402184,497.15409126545296,9.151030084769697,1000.2715904279213,970.5012025411329,1.0063992246007327,0.9442270416490198,0.9371005081358971,0.9331956459083199,1.034273121445667,9.924502364738085,0.9699043352330685,0.9508301603474651,1.0080782790400316,38.953390605950624,13.296649675185149
481.4125187661548,510.4588125222306,10.015443659677407,942.6895476063792,970.8918023248458,1.0089102376728125,1.0409261359002033,0.9862722406850118,0.9989707360733374,0.981584098359762,10.186544994982805,0.9101585354012276,0.9026134307967687,0.9374504777388806,42.52232644741553,13.096443526089265
476.95686559353953,490.59932123625646,9.118899501379731,990.8035225006212,1055.9753504011094,1.109156434367602,1.0323601389223573,1.038509740424352,0.9795696192743625,1.0177610131891042,11.108219468497634,0.9763979007479666,1.0429914028739116,0.9735457360810126,40.19086488063713,13.115047581323136
488.5568543583165,501.6892301502357,9.840035193522587,948.1416196125455,1010.9366314939288,0.9910668495318451,1.0259090870467615,0.972676659131824,0.9532728451303571,0.9085288670701849,10.6420252907679,0.9365541616034065,1.1191815797853808,0.9688620323020257,41.70314442657641,13.081370160853306
505.50487808675126,492.7179272151578,10.304058543394683,953.6803083216686,1068.512808641324,1.0510712039585806,1.0420173594910611,0.9377754162990337,1.0204852306474967,1.014613947801275,10.120716724627288,0.8994410335908707,0.9895650020887131,0.9622877552297818,42.700575221138735,13.023080415437905
474.7595454115316,507.35105357437453,9.28996525595,991.7436621604782,953.0373506018643,1.0597601861159613,0.9722998326645024,1.0473869708368444,1.061203958913269,0.9760779834287152,10.53023426185542,0.9566916163987867,0.9603028204264282,1.0650953663608824,40.36165443177937,13.203618656852395
494.7706106282072,462.2556871741068,10.016147691965818,930.8304774339751,1056.5370596065422,0.9969466622304378,1.028246171611185,0.9618933746336644,0.9965956257536155,0.9738539914573433,8.971018373364934,0.9869195330377394,1.0177865940642326,1.0135778483759874,40.374248925988276,13.239326934243431
496.01937475213805,516.1047630797423,10.620009057654533,1033.4633633183555,1045.4540205121057,1.003840050171879,0.9505559493918464,1.0136279053088046,1.0042917779620517,0.8737105126349695,10.06196098940033,0.9916543614696912,1.0797285174284739,1.107333297213805,42.13953526238409,13.219442107694004
513.5211396171452,494.25168795991715,10.180756237010481,1124.3441425636454,850.2498610067636,0.978507813136112,1.0031190070081215,0.9667501367657237,0.9726517565991901,0.9275398765803982,8.585231439391306,1.1292429378666202,1.0045242863455215,1.0395851550498678,40.36742653175974,13.525594195812836
505.36647806265853,508.96520169123465,10.26116085037484,1022.9411624545369,995.5864644115228,1.088757960539215,1.046466297496382,1.0258563260952014,0.9656029546201649,0.9127226919692822,10.56215832562994,1.0779644097739691,1.0642092370692284,1.0185475706636702,42.11926876141428,13.23142322149236
508.884317725998,491.49224681334476,10.453370206908373,947.8548430502246,1077.1112204461797,0.9245783914372206,0.9661567766059455,0.9808226422982822,1.0986826518423345,1.0302726890480023,8.915615029446013,1.0098043142480333,0.9995237211772245,1.0627960881953395,41.347319762520065,13.322436675526767
483.6542847645415,508.00902973435257,10.86648153606559,986.4407242924258,1038.9028690583998,0.9980176925681149,1.0976453966748287,1.0397578911910004,0.9371794490686253,0.9539034276236893,10.273825931370084,1.0360286953349078,1.0116379464117036,1.0585728800492953,43.81264873336508,13.147221175093206
496.75965915768074,473.18592989677694,10.075711540861594,922.2281028208881,977.9339421716023,1.0692061497051826,1.0567039746944986,1.0310502210467773,0.991938766735223,1.0136659663806125,9.548583965808048,0.981151598582148,0.9241822258421004,0.9189932323451396,41.23546444305382,13.16424151997346
519.5993867515332,529.7288603122115,10.614750430716562,981.119180935389,988.3604804664088,0.9946159968333214,1.0686053577209982,1.1110634725920663,0.9776429926026802,1.0329454658849606,11.279561327414081,0.9793133114090035,1.017483888935479,0.9598010229395544,44.35885984462569,13.034535730974648
537.335778630519,457.41138530906755,9.967915391831289,1025.365696778469,934.8475609381401,0.9714531250110683,0.9894421799379454,0.995991280093434,0.994505418282287,0.9726792171801877,9.367722316016875,1.0249261228703148,0.9534812116387668,0.988712557675471,39.48752185076984,13.236945116359175
468.523361697397,474.0190296305203,9.726915592283257,1029.4692383092886,1010.3146245030114,1.01164413184726,0.9305525281254623,0.9512334333989093,1.052316668249091,0.9486270711720431,9.835587851422911,0.9944323169969109,0.9476288983932669,1.0142726485634315,39.2902287466298,13.23120022207388
537.8480943684766,505.89165173849085,10.157410484808782,948.4128623070784,910.3413959387274,1.0263494006341283,0.9650705084637474,0.9419441371330413,1.0496881317090698,1.0605255056495726,10.846298514792986,1.080056539267832,0.9216677014590361,1.0140679066665517,41.07960766735862,13.224001143013213
533.6468855945576,536.5710571296145,9.697093576004164,1014.9572826743313,949.2346628006924,1.028372153684324,1.0275833485822494,0.9701341459122067,0.9929944001221671,1.0130970688266685,10.221836332891144,1.0376165666866308,1.0300366285122597,0.9228302933758662,41.90607711454053,13.32996494787208
519.5327850175107,506.9531575452008,9.713435392116716,1057.8204012502722,1055.9582180232742,1.014082165746773,0.9860498483310088,1.0187657154900147,1.0561747852360517,0.9383658252251185,10.103671655277966,0.9482582706625002,1.114266729471416,1.018876049565305,41.26440253156059,13.192699099815185
506.6113907582326,493.8022886180228,9.696129684778876,1087.754579254955,998.9717478062338,1.037504555984887,1.036068258417935,0.9643087492351399,0.9616726413849621,1.0240207616269894,9.885086053501901,0.9254891076203039,0.9639586377916951,1.0223756167268212,41.258295524215924,13.150235446621245
492.15192963658933,464.3727464189184,8.852287902233417,964.9602558650645,981.8286975560122,1.0472850527999333,1.00752274586892,1.0759483769356075,1.0177838556102088,0.9668090575863275,10.047266569649809,1.0079560120258193,0.9865197803035227,0.9550373976087344,38.37339317487882,13.244999042578618
536.450517088424,495.2180833892467,10.052749738830299,956.7899993960358,994.7044438474278,0.9446558543810423,0.9705123123399345,1.010015908277703,1.0889756012818987,1.0232445931667569,9.625222814470346,1.0602188943988515,0.981969868825165,0.9415815142753918,40.69236678472876,13.321136049232237
549.0064579112491,499.50307472394763,9.368082320702266,1002.7207934560198,1137.09470062436,0.9810554087376174,1.0467107644529747,0.9511490522428988,0.971120603034589,1.0413087631346676,9.91720882958151,0.947726177168524,1.0220563230511959,1.0285167696565811,40.895916476723016,13.206758803406697
545.0408717466531,542.264216133485,9.946365439665861,853.5954913715809,1051.7593995379093,1.043484566312268,1.06758723499689,0.9768523374930296,1.0102558703685631,0.9591530637237035,9.978156619357689,0.9535301748313285,1.049173392908738,0.9778647947976835,43.38233785359471,13.238840275050874
532.8775941183593,515.5531305401446,10.724984390242414,973.4482999424557,961.2179312702191,1.024431001224028,0.9633925393831398,0.9680809774179469,1.0749289967505244,1.0245820208261784,10.365449726561478,1.1201322884364249,0.9981646137465389,1.0424934948507516,42.05425843309207,13.294307530196567
508.9345102664739,461.77267812678883,9.739499838446354,986.451251534394,1083.3374875245177,1.0117300054174174,1.0255953811010425,1.0089133628810198,0.957876122345677,0.8494274962318527,10.040618867723866,1.0015038591179042,0.9799911341996786,1.0506266088803375,39.74805909446878,13.155212116848995
469.7920341929457,550.6694773810798,9.728995420776261,977.0329006231057,995.5602531045722,1.033623944605912,1.007829708957696,0.9487313191225228,1.003216257276998,1.0273564029372904,10.423355360520514,0.983432056045152,0.9101317502216215,1.0188088224444183,42.37418764315543,13.286010820926352
499.88864667199795,490.1247531125302,10.681954692250898,920.8063385918739,1036.9858466680482,1.047607686735043,1.0140439829805667,1.0640982156390781,0.9842599813328008,0.9019971442362962,9.256527803060754,1.1244240235879874,1.0316365894236805,0.9282929968603827,41.38681463618469,13.366956274770725
516.4118733769084,478.0135071323921,10.27315288273215,987.7224446135174,970.6684773616679,0.9570976470466608,0.9947946267218919,0.9821845325782902,0.9441528452096081,1.126277742289711,10.705342217518885,0.9853134697972512,1.0039625798821918,0.9554616555494607,41.18283573159267,13.04517570142426
467.79096340626114,536.8705663021727,10.488263548676322,961.169568997216,953.1072005840995,0.9386527793928112,0.9373659284568336,0.9881360159162148,1.020213055489257,1.0177081218848243,10.228895258202424,0.9435531822755082,0.9096124120017173,0.9085101054689334,42.67431232767239,13.185278936491864
509.8780515045502,498.7561059925758,9.822354383006504,1037.8741529229062,1040.0956330627882,0.9423159269657613,1.070476187877641,1.0461574976925632,0.9577935470459263,0.9693226261434305,10.819771796534656,1.0041861460149701,0.9412972174984602,0.9745306682109367,41.71927063445815,13.118122468545904
510.74659237055573,490.8149350155475,10.374041606435464,954.0762591288618,961.5556625316761,1.0929337064568097,0.9478204066459998,0.9625764009149202,1.0827877225118927,1.0566640117403212,10.26608827271788,0.9375697296113091,0.9506909463054188,0.9555075114059841,41.52960812694793,13.078744243456743
517.4010680990717,505.46964972338077,9.656915705421598,985.882743511938,960.9340942250925,0.947278371337603,0.9564686830924273,0.9999314401244661,1.001033059584121,0.9607777432689287,9.949243705709598,0.9207454135613109,0.9777026196510308,1.0781767925455465,40.64413621283819,13.197676268306974
470.39705083107026,521.122219509393,9.661999137189051,988.3526037440798,1044.8917149579602,0.9882706438727497,1.032813529621179,1.089610689867602,0.9894925227723269,1.0059587575015443,10.070583335735714,1.0482679622687903,0.9551214953698726,1.0322467187853135,41.43811258788601,13.336253594370595
483.45743569902413,524.8334051112413,10.298122139102533,1028.378571066226,941.8965485152697,0.9907260850457591,1.0089937399920947,1.0205571606305577,1.0020435898843298,0.9857546707514834,9.423241810997864,0.9721523586602948,1.038881917360225,0.9875702589452929,42.68169767208751,13.287447621301034
489.08911882141945,465.6199399986815,9.700813414363639,872.7047699816961,929.0373999126127,1.051553008260452,0.9601981479027946,1.0146911471586904,1.0051393690754769,1.0000588820328404,9.886935194948768,1.0245540978820773,0.9524369770852565,0.9389874232681105,39.15353624554535,13.226109598617109
470.7549523056784,549.9620367567933,10.383559271621976,982.9687532102,1027.2527198174998,0.9130839450549513,0.9671226311759646,0.9761802324089011,0.9900387887502198,0.9720227659126514,10.093165866903307,0.9446326794190174,0.9747429018404368,1.0902824595000127,43.14057492901608,13.238649160084671
543.4841969282534,523.6715396998907,11.19584226771465,1037.9807574636839,902.0059187653594,0.9980365894523296,0.9920651254581462,0.9502879975107961,1.002861425968752,1.0219069900161994,10.067346980340082,0.9879875896790865,0.9476729451295723,0.9561549775114593,43.81953225115196,13.153839879407537
487.6022317889462,490.5199734496712,9.156923731526357,981.9155881386716,962.4137171666019,1.0607194173424346,0.9781958910015507,1.0874404522485663,0.9712594220316202,0.9630075087709644,9.181814523288235,0.9385285822149958,1.0345424030711816,0.8992252306350135,39.37516626217469,13.316595534009954
508.22424073650507,479.5335037119646,9.623897811939377,923.653151680603,981.7176943999735,1.05574498810953,1.0323263162024974,0.9919946030619508,0.9750280249593379,1.0056260279423719,10.245404869456342,0.9528269181063274,0.9784473712272097,0.9623925460766343,40.64063584347331,13.111641393367606
493.5356863631519,475.7746892310448,10.560073090921337,1016.3299086291979,932.7346505031478,1.0204655997218248,0.9417890440871658,1.0948995676597473,1.0263521754567688,1.0314246737773192,9.498339700764447,1.0875718309427385,1.0002659324895604,0.9279618786398539,40.29397330679216,13.294860182938915
539.586821970053,503.08446093940455,9.927460915253388,1016.8343453121754,944.1304739297299,0.9869530456310032,1.0181660339575211,0.9658052625247961,0.8931824841464091,0.9702247868988307,9.892659513594209,1.037525018064247,1.0276326534026938,1.0408364340287346,40.89887021939251,13.295515956894361
533.009024677046,483.79959264525934,10.580544924896286,986.4755304021336,1033.2936464217476,1.087884172331751,1.0765267408940655,1.062747639187929,0.9600258400644033,1.0417812333740417,10.42563834732163,1.0341225390387019,0.9994864486116053,0.9486678586557499,42.48333381864737,13.093919888579409
515.8338155706228,480.878150867837,9.494967863433546,942.0102146354135,1014.6226533061031,0.9164026411740495,1.0100681096281974,0.9897341615919943,1.0004277602305598,1.024286168048818,9.646847350965166,0.9989712033644952,0.9929065215189536,1.0256150110750462,39.96164523190936,13.259030722925427
444.91225298383375,520.2813601235409,10.165672088903985,962.9662427236459,952.7144265849826,1.0490492637605926,0.9555853295925255,1.0208390883908796,1.0171190227591789,0.9852238357082352,9.937440413227922,0.9826463250541703,1.037604093789308,1.0752731793520192,41.75536720330166,13.26648692755357
501.30072435649714,509.11418359565806,9.924721841088578,984.3121745531787,1026.4742783017546,1.0254088944322932,0.963848075911246,1.0608354320905335,0.9804729256055763,0.9743002267897095,9.779926230731903,0.998706048274284,1.0187327147221534,0.9540022710760505,40.8808225174049,13.290680602678956
517.0921547694134,490.1357185394072,10.070185361436671,956.2233572120857,1075.9639220505333,1.0295518342203838,1.0021832238035981,1.0220767305439777,1.0068112021755722,0.9975602543455646,10.270160366679491,0.9785062242852715,1.0057934692520711,0.9941036019568837,41.32467635020052,13.135136278291544
525.0990393960542,518.3561899046343,10.16555800952768,903.9910825823526,935.879109503303,1.0132904415120574,0.9687892956391848,1.0401288509241522,0.9825267650246796,0.9773575852979342,9.423889890842881,1.0258083956984556,0.9807590171826239,1.0954509006241437,41.34083158160157,13.371880797358461
484.55232388230996,534.1844656576418,9.389996818672023,961.5356600534418,1003.0627897421034,1.01025900737235,1.0617301136001596,0.9218535182901846,0.9069643216994925,0.9743084623135596,9.224406588838002,0.9953347424343656,1.0081544563113451,0.986601667462343,41.34485228834838,13.43169230929578
545.5502840832081,472.63759218425884,9.462931257320353,996.9128032764112,1098.8325673766365,1.046539399790111,0.9079808151268555,0.9769649236100907,1.0470235423931118,0.9933654256325334,8.96287126598385,1.0099169617477675,0.964042219193193,0.9871698218478728,38.255311987334046,13.389727886817173
466.98922574966764,484.9177028964438,10.699622003447711,974.6469966354223,1030.5579944524209,0.9423477605674688,1.081948140901187,1.102234445741615,1.0133997997952604,0.9893880980578422,11.087978023725714,1.1338717061891725,1.0747818342928799,0.984426307348957,42.58233810873393,13.110196110904704
483.4617994546195,523.5655460054969,10.146606855790477,996.2213580430798,1040.6692562050346,0.9376724027227434,0.8987505093239415,0.9885431793246376,0.9521321488940699,1.0053388621165567,10.338942358345115,0.9998895961973612,1.0141882671928293,0.9624972834034824,40.82751901585906,13.262994581636677
523.3762497028506,517.9735141453764,10.053173166476313,1004.1828989481462,989.9923664749923,1.008122661767191,0.9979495563358364,1.0159314815172247,1.0737487476817795,1.0709893493049896,10.80911824424941,0.9456462835718287,1.0225161631404347,0.9603102801158031,42.54159632529694,13.088222863867315
501.2263653456328,505.6674714109498,9.977962638693223,1044.828775018216,960.1018121931191,1.0026075395841123,0.9458513897734563,0.9918455116886629,1.03387472462847,1.0455885787279393,9.812981626658837,1.0797085814269647,0.9679340799416875,1.0522772451790114,40.40415028400758,13.370727419515092
550.0598145911314,529.0605296889614,10.178271249353058,1110.1912061725777,1057.168584743868,1.0081830081169854,1.041009161938738,0.9689210988603429,0.9687247768606356,1.0424779992668827,10.561259047502235,0.9484744239014151,0.9888409163841946,1.0620069731445552,43.17804675215518,13.129974867276523
504.7129798128116,472.79470677202255,9.422031630297276,1036.5889420063204,1032.6862472081016,1.07952164917526,0.9612983161711429,0.9252970567753437,1.0553283365255468,1.0258658032682704,9.777415686807423,0.9482629039090643,1.034513208211909,0.9549138596990246,39.44304936432745,13.187891285237198
484.17014774519436,463.0215541557224,9.500486334052301,929.7835726725585,997.4238407382398,0.9710345323220179,0.943346607609609,0.9429129123555173,1.0269513915008743,0.9698105748445047,9.368610750760697,1.0906287592781503,0.9025410964658251,1.1003340828759653,38.13427072171235,13.38977654703295
490.5609123691798,478.33731606807754,10.652254123603216,867.1527526348849,976.7332137588335,1.0375659380570383,0.9829987508925486,1.0841285138387344,1.0414437386198931,0.9469669247597051,10.423480255592342,1.0223496612700338,0.9864719701926772,1.0823907437468507,41.497163328385874,13.103758736515728
472.7213470595201,503.063602388401,10.075637610923582,995.2768915665343,912.6137385790444,1.0192223851870088,0.9794495648118106,0.9960469681560844,0.9699103123451996,0.988621821766766,9.852775687109073,0.949574481986659,0.9679106640058345,0.9845528668865398,41.385916958134395,13.193929427074726
468.0579958403348,480.0978306226224,10.425150436827018,1003.5694217628982,1007.7953114559502,1.1183281201170243,0.9032484933857292,0.9405595682249251,0.9721683256476835,1.0593079241748045,10.129952620511283,1.0050618672030691,0.9433005981989678,0.9172465900164793,40.09134336316304,13.17164375968953
515.7602872692058,487.8195460893827,9.697167996539363,941.9063347082712,965.4143617718125,0.9298906674250539,1.0227258071887524,0.9547967297915833,0.9588767924626845,1.0599598445465468,10.209472033704325,1.0709009890041488,1.03402043687197,0.948908579480918,40.35101515340401,13.260910687435082
514.5291453103201,475.6249970224925,10.688362690179652,1013.6016068601037,993.4072865809475,0.9726996440834126,0.8803687254327706,1.0436714309822217,0.9729470762481576,0.9270989231613112,10.295739909082855,0.9547948364484412,0.9616030575613246,0.9898653794077709,40.234139346012384,13.07375122851986
532.3639704860279,484.48927138512744,10.17263920265976,961.6530206065602,1033.5487692126708,0.9771604982983579,1.0588168656118497,0.9526425032481326,0.8843455819538175,0.9112926948533492,9.893624278027012,1.010832144735697,0.9480293511790341,0.9879112188381584,41.23309138813711,13.186464974659383
481.13485521850174,474.88031952517514,10.240622909625042,1020.1334866390819,1041.0001352851805,1.0660301448302067,0.9834967562548323,0.9687324084625237,1.0541883036112674,1.0837430113887188,8.845267836834276,1.1222583587707686,1.0500571299455235,1.0859242020349418,40.136246615131434,13.431271641492344
542.2276863110918,509.18665514364034,10.27436466885789,983.7240913514086,1035.9500484522957,0.9590040714582059,1.047650338965715,0.9441683199906592,0.9409775904389415,1.0712506752966104,9.405977031363628,0.9937099013324096,0.9060546566779564,0.9360974840662193,42.25770515928259,13.266608527767694
492.81530730478335,519.8722766995804,9.601495380313935,1019.8731295362319,1112.7532166102637,1.0828971499758167,0.969972090743933,0.937043488951236,1.0284856197145276,0.9686719096801163,10.282747234246798,0.9166464729394641,1.0516771366943263,0.9942700541587071,41.32034034386311,13.179952969195671
539.3602069711146,487.98885151204473,9.06713956829997,912.8402402947283,1058.2559264590075,1.0799054156567345,0.9603446466595063,1.0824530619829016,0.935089034806016,0.9961391168725563,10.973457996414071,0.9810879889677477,1.0533070641041375,0.9903567062378132,38.940245199293734,13.166923324162267
489.1803538204351,494.81835511323305,9.462598666457449,978.076656245035,962.6960912113649,1.0432806325446968,1.032587407071955,0.9929555220576615,1.0058403408010614,1.0024994423352351,9.982411282457242,0.9860867596313065,0.8977766065079695,1.0411003453363088,40.60857576968138,13.237592573670701
481.6129176914431,485.4741856872021,10.81526142869318,992.5701996763727,959.0849038226311,1.0218688020113493,0.970793012121354,0.983924654090855,0.9403824160675812,1.0551592458053647,10.689878249673836,0.974080747716275,0.9886013270015098,0.9883049092848316,41.964117034291874,13.02349390844117
506.24463428896667,513.2812803909047,10.650341985160242,928.7562637450035,1116.407536229449,0.9221910905531697,0.922619695949978,0.9699275186550348,0.9990060509362677,0.9756011821753436,8.811653248206065,1.0876701632549322,1.0143410574139071,0.9859852406265452,41.01995501876486,13.476888430409671
525.7863271217368,502.2264009684805,9.826539316011015,1094.1169129113366,966.8336920853542,1.009107475343917,0.9956461562163739,1.0356226442564875,0.9200151879812695,1.0295895075824735,10.745047812394128,1.0106463010711058,1.05088988360528,0.9990547294169897,40.916886485470656,13.173243263612237
504.0252394178836,539.8539225084553,9.849161836481928,972.9613293952239,997.7932328733418,0.928466417063082,0.9311465197140704,1.0030735663334716,0.9704039472364335,1.0136889107246172,9.432207517737465,1.0021142546101898,0.973472126316204,0.9768705481628244,40.987594382570435,13.42291296859691
485.3617793969166,472.61319908406165,10.518302938617927,1069.4985864504188,1087.242954387818,0.9818686805194247,0.9993546388916937,1.0146170778773786,1.032982037117051,1.0150315646075294,9.493255769064971,1.0280892379842124,0.9917096448998692,1.0275147792573756,41.16064820334262,13.207696181880266
466.46950714808327,509.0625624797762,9.915795063623207,966.7828954439977,1085.7657937247798,1.0101550366648182,1.0689469750640492,1.0068432925358741,1.0106948114051912,1.0527008285934851,9.850109034884364,1.0080177731996969,1.0372301415787106,1.027552420405604,42.31086903651716,13.2502563691382
464.9619946270643,511.09978499116676,9.35037006493461,988.5014422259499,997.2683985418662,0.98455643105154,1.048133418771791,0.9821339160576646,1.008552295188828,1.0073329378680165,10.148342043263096,0.90368891611649,0.9549128929006298,0.9564737850073464,41.55772000078986,13.147983918747046
512.5670712468716,490.98899572522754,10.63277154629808,1059.195095585501,1012.0971540769439,1.0475402811104555,1.0000925865571382,0.9759555764380617,0.9570782036147099,0.9359339064744099,9.401125330305812,1.034072821498731,1.0291060211495797,1.0426014330169209,41.593016352507114,13.270739601826293
524.7428258321452,514.5883531845686,10.238589288956966,1015.1913422513896,918.2445348959666,0.9935411926435173,0.9917140636048998,0.9132548939088188,0.8901733892835633,1.0451202340675605,10.498052651692428,1.0276831925604126,1.0552548636278782,1.0164442703221614,41.67779064331367,13.21666988919631
495.89263518436775,464.03693377523905,8.741830142498225,1009.6027175144931,954.5825649738956,0.9225708889864412,0.9841607301836439,0.9754110886535124,0.9553487124017999,0.9756476066846861,9.278900392873666,1.0197474042757888,0.9475640626664971,0.9941569026277514,37.49272010872157,13.378685642499445
473.14087854428914,552.9700757682331,9.843404947235062,1013.2971724088109,981.7370434945161,0.9469971386984656,0.9681227302114084,1.1081778956022337,0.9744524624684908,1.0448905867631095,10.068016197191577,1.0370054611398638,1.014969108408572,1.0489115083025415,41.868828244705284,13.397901252125477
521.8260538155427,466.44888866783896,10.07183510164217,931.6921061879566,999.7169915255666,0.9363045804941701,1.0177536941411305,0.93802816900707,1.0739624492900233,1.013237458029861,9.558091988723328,1.0560504865115425,1.003900735345245,1.0642690959736074,40.41739336055223,13.243279770046763
467.99015138213565,522.9951815141247,10.240623413529395,980.5223263180934,983.8339761971461,0.9841784811117031,0.9921057451963994,1.0002185923422502,1.0284761952394563,0.9510986585986474,10.106693692125463,1.0696571484907895,0.9474783040157876,0.961702876512547,41.916508874029255,13.320023105043367
482.1732976235182,471.9719330265194,10.076075594655817,952.1777173059152,1007.6146990787865,1.0623792428509895,0.9809150424019623,1.0167862712544862,1.0158231183224342,1.0127525116260678,8.991215505732544,0.9201768828626433,1.007587496023506,0.9819773053997575,40.650378163182694,13.192008089919245
515.5254463385024,528.7720757807938,9.682129101378187,1009.8706826157157,1109.6350756947709,1.0252873024073306,1.0135023869827002,1.0597012557720753,0.9709068307823072,0.9682482689690084,9.510348341768081,0.9622168031599554,0.9871161234802261,1.0053541743616798,41.63848144625984,13.329786060741847
443.7464706606352,490.38064933477494,9.942120477985007,972.8000934798249,1023.2170430449514,1.016975473578985,0.8990811634262863,1.132913829955736,0.9635370223144797,1.0135108474743364,9.37547205145788,0.9491656576988785,0.9603114077750452,1.0831014335222942,39.735946777515,13.278093251124144
509.65923993915766,503.9605726790553,10.1474001589718,997.7970439250125,1015.4353593877388,0.9357309303423674,1.097824008993261,0.9801602033931881,1.0320310875746612,0.9797853672945946,10.45483949868853,0.9772510833478188,0.9819402449979722,1.0199771647903262,43.075748648508146,13.096485315743257
485.4589790897624,501.3335938926684,9.865997957192992,996.1353718369529,1000.0913177945708,1.1184581926495099,1.0315066921256597,0.9561448356152088,0.9813974376041035,1.0505025254942466,8.880156190088307,1.0184284941912445,0.9511508252113398,1.011802089391636,41.10426714502723,13.397162237098517
502.73199243694535,527.5183523756199,9.814049640146896,998.1814807547494,991.4046197500113,0.9985868418905791,0.9303118339348813,1.0530086100304503,0.98315527669912,0.9644136525877213,10.865457002339161,0.9107279812707458,1.0199083618427982,1.100217966999993,41.384205783054,13.1261375036665
498.1074618444794,491.96131374642687,10.626041969332409,998.2626439044235,1061.6472300104874,1.1208456334916084,1.0057523255631537,1.0106504450022,1.0958927251135382,0.9816183658459634,9.743373913182026,1.0334501452135325,1.020477568373289,0.9881182223783247,42.13286059160271,13.21536822955834
505.052859876099,425.82040725040144,9.526696157365373,967.3810946808201,950.4369284642253,0.956628927684875,0.9435457425580345,1.1003188996687923,0.9509090318462384,0.9650059130027726,10.094909201365981,0.924292041080241,1.0378274760365875,1.0489250693687115,37.89993780025482,13.008647983667496
517.3542984176752,480.99853024838916,9.825268264445043,947.2998602221733,993.7210237466971,0.9716076759731991,0.9730365829740572,1.036266853144414,0.9859197145290869,0.9603050911589449,8.726242127355034,0.9503206836008709,1.0050192646822256,0.9661831208439776,40.044040805403085,13.312183270724908
481.04075622753976,504.5928080772237,8.984365493475455,966.7821845323188,945.2111384457792,1.1299830745133501,0.9552445288292831,0.9665601437185753,0.9875155023242193,0.9865123357405986,9.601508791187078,0.939011573711286,1.0105491642861593,1.0048536235075134,39.2463484515014,13.327909258327907
535.524550557798,488.98829487824344,10.270484981725707,1053.5769170321823,1004.3564850961696,0.9462503010372131,1.0545930417420302,0.990168244181534,0.9674333442932863,1.0107103856906974,10.418810141632616,0.9753418867799692,0.9720467369461914,1.045750595438306,42.15955126228186,13.075354788650522
518.1523447236941,519.2455212830199,10.414132229923442,1018.7080903232427,1005.9525161116815,1.020935291034594,0.9039633266429327,1.0211519427996014,0.9294216711574663,1.028036119494784,10.750179486937661,1.0160565759967908,1.0325779084900801,0.9641795268956068,41.151410392705124,13.202404663324685
521.0933165575817,525.3831748993617,10.274243416298292,1029.3477680296007,1046.0253254056533,0.9830897362760969,0.9822803298458643,1.025034442962786,1.0636175343622893,1.0025519328588266,9.504522388026606,0.8971199795772185,0.9687521235357441,0.9670893363725647,42.82780158806623,13.191416129380091
529.1215995277757,496.30570475250477,10.458836243730614,1068.9983958152175,1059.8830810408244,0.9593293830154496,0.9175468518109949,0.943294234258031,0.9293776853734012,0.9772459198446228,10.566369477299048,1.0780726024608716,1.0282319903483506,0.9934234542610912,40.35914479090078,13.232438867905813
519.6897055426467,462.7588651404372,10.22035337238178,941.0284533413419,1033.153216665008,1.108053979830898,0.9989775189348703,0.903789671160372,0.9546192805397771,0.9220458180979165,10.087501496328846,0.9517360463869298,0.9771121874268146,1.074981206431712,40.539323587657236,13.062170816425647
521.1019670144648,534.6041277501474,10.171257695476706,1025.497621074091,1081.1129643545178,0.9497934474594683,0.9841145990952742,0.9198111611458712,1.0128132611341825,1.0471064070367295,10.320997745083496,1.1081925516431792,0.9612840944495225,0.9174504160505966,41.852318816817565,13.361391559156342
501.88984026857213,527.0763375026704,10.236973533494007,946.2462947398627,1079.4251633986405,1.0448717500798632,0.9296640041217887,1.0308580055509928,0.9378132148381638,0.9746190344967968,9.893750833482539,0.9230497012079939,1.0194841833830575,0.9703026895530996,41.72924914256216,13.216543478165612
464.3306537252567,492.5202216433244,9.86634578402336,983.2833700566556,1015.7679344027566,1.0552156298741906,1.0719867207386795,0.9923380869713585,0.9922100124165968,1.0200366297378118,10.757490185250992,1.0431825432271995,1.081727547411273,1.0495656684598962,41.714754053946834,13.153111199319312
496.62387249907465,552.7072102848188,10.594163931298201,1024.2119921385329,1018.6673431312666,0.9494099272262262,1.0781721458678934,0.9082579255842804,0.9871702472923282,0.9467446269148495,9.146220017677862,1.0284769742272282,1.042802440991901,0.890225468576517,44.316350591764014,13.39134940682257
480.76213399558236,491.27811349768336,9.825713967492922,1080.7172633568211,903.18591541491,0.905138735457282,0.9717908748710601,0.9724579875918228,0.9881624977232042,1.0757110933648961,10.321209439481324,0.9883509805962244,0.9775318407788715,1.0945857142240871,40.56323482754413,13.178276911406975
464.43145578711466,471.5720069895406,9.268824037422403,960.8917528762406,1016.0121602363778,0.9109680051368148,1.026096409603289,0.9031492365801903,0.9929966639389666,1.034577769566722,10.768837759884617,0.928406239791005,0.9305237509560842,1.0082085704821087,39.99735234742502,13.033419848823154
506.4613197728247,496.10316415622486,10.424891806809226,995.2601873203079,999.7454223061078,0.9600208266096143,0.9925596660668435,0.9868410729538963,0.929578965557504,0.9555673626532561,10.384568551162179,0.9765860130499397,0.9248574340965994,1.100243994616544,41.681483446234104,13.119452857749783
485.78626364630895,526.9458428876443,10.925351389975742,1057.8118401977458,915.5752394058254,1.0111332334376255,1.012172035396714,0.9567320195993432,0.9725248502403319,1.01740325778275,9.85667437733487,1.0644804910686323,1.0140144738181895,0.9526072979681491,43.322632103809745,13.288237958388155
474.2548890497134,476.5636639364371,9.519924440354684,925.5095940317314,978.4306984079101,1.0167721065251907,1.076606548205171,0.9721017100094493,1.0642256455423234,1.0671367897060458,10.258772397819163,1.0429078490217165,1.0081892270958595,1.0413823279166163,40.77047277215072,13.194564195967898
473.9249729982109,548.7806269435862,9.949184435203572,1018.105645735328,1047.8711983386042,0.9905476712916836,0.986567969310542,0.9957822561320301,1.0581971769806258,0.9911689555763856,10.130706262581016,1.0430110084227269,0.9034993069610718,0.9674405098373422,42.23848848782678,13.366650872231089
506.7104269927229,477.5868446356986,9.657278994640986,984.5860924801058,938.0612836841582,0.9947346707674602,1.0896083741783875,1.009131498354699,0.9709610759726627,0.914934931647698,9.86233446926814,1.074615901245069,0.9920542417336661,1.0142462417702387,40.526011186013136,13.273119329696096
508.9667987292586,523.860556909531,9.80970837493624,955.9152514264972,1064.6475582342355,1.0487023679189962,0.9855902573284767,1.0029777684904009,1.0542447927840541,1.0228406648218422,10.534814069336761,1.024335049073374,1.0538495492113986,0.9630103041429089,41.6123533686579,13.25579061678441
533.0614367441708,513.6115593550794,10.023046485889829,1007.3315411536804,1023.7399659368989,1.0384076489201588,0.99532230328283,1.0645838834054577,0.9530067403407605,1.092370465242196,10.671395114258939,0.9969068092358183,0.998720578821156,0.9682363152353932,41.722389391388326,13.169077152643215
499.65213328689765,496.1485735104294,9.379095773609416,1029.7462930923411,988.5805954878228,1.0189377112570839,1.0944658718775102,1.1200514185607078,0.9318020752671841,0.920138518635251,9.31965635405352,1.0436459572025103,0.998381907898113,0.9141547728487993,40.55930923399473,13.374258155241328
526.0459939803205,527.0133244679439,9.861173164366356,954.3950118836894,992.8836356410641,0.9691516440946564,1.0137608598661123,1.042598219036924,0.8991368439064028,1.0512413305347381,10.929230730233733,1.0348682788453358,0.9419903941018698,0.8582677142457162,41.599266248863294,13.218732951868686
535.056620669313,462.5050302782951,9.267016306808806,1018.9994890923371,1041.4963552124775,1.0388786389474989,0.8984029183146303,0.9905183808808414,0.9443500879279694,0.9883572223613802,10.025870610207066,1.0688858748842898,1.034481201676393,0.9972018363836376,37.26506732967478,13.323876056856806
528.7541409037423,533.9392946733298,9.71588618102926,1008.6684994810049,928.4302860244682,1.0090604838710828,1.011240143745217,1.0375983894059861,1.022993882859793,0.9954416261114556,9.914634521865361,1.023884029170167,0.9646645718834137,1.1181524805717835,41.72761259316136,13.360403360621078
440.86740234307564,498.40789927574394,9.406965173006757,937.9093346998643,1102.0380969948471,0.9626082426394544,0.9359073385092196,0.9636366753160264,0.9837226034845123,1.0095867439821151,10.463214748858789,1.0305704652062255,0.9714842490813247,0.9853585933960775,39.354614131804894,13.280338000168772
530.7170929800856,486.4391187534122,9.470469650269928,1077.670643347006,959.3290235232761,0.971155206147732,0.916869855306845,0.9587081405559736,1.0830817061518514,1.0006159602814086,9.616399548527692,1.0506187416016388,1.0573083363947926,0.975673350376075,38.868914985287546,13.369949715370474
508.49050020621604,518.729351201002,9.1400446596709,1054.4951334910072,961.7358379026456,1.0614323879218603,0.9528678568227231,0.9564377701907931,1.0419718191517207,1.043139390369713,10.234088732149354,1.0000133862189997,0.9493385859420371,1.0244746512797038,39.81868240282173,13.332762184717781
510.5942838213337,526.4974753399811,10.609677294366318,957.0036626055442,1061.038409859464,1.0922690981291678,1.0163040190394714,1.0146179727474836,0.982289263549256,0.9417716686371568,9.836266377890409,0.9457854365589471,0.9898737221830776,0.9664965934589683,43.39565320760501,13.1833245828926
509.28068544340647,519.2448857655904,10.254529542369776,970.6684558634577,1039.5026167505864,0.9735136633784764,0.9443316173793957,1.0619252890620587,0.9888359724960021,0.9956980098865176,9.982531822977196,0.9982517129214067,0.9994948088699567,0.9742774792530419,41.52335946266284,13.264743313440635
509.568929006769,549.9875955261247,9.041267978271753,1038.5390116873784,1066.2695847824905,0.8960965922833897,0.9299370745583573,1.1112067878940994,0.9892044120803294,0.9532207295694648,10.193711091864625,1.00497267875189,1.019259362083809,0.9369009308382737,39.896117408423535,13.421485160609945
507.98535550630953,527.0181519012525,9.701586202976062,975.2275476308564,1052.2990536932239,1.0293731858496682,0.9810119233919411,1.0662135766950271,1.049955295078701,0.9744643952406796,10.010571593461366,1.0563832875720194,1.0768922205536713,0.9535675139024257,41.17239513022909,13.37268820185411
491.0271672865345,532.0876658105101,9.664780700048462,908.014069738869,1018.8197964399058,0.9548368586898233,1.0202305324134078,1.0348843683308742,0.9807905077369827,1.1486287146316367,9.835902321029504,1.0326600502263945,0.9990829924864363,1.0538851472098159,41.728794835832524,13.369053563104393
452.4591175406001,486.50340157058713,9.654527935915702,1052.4441056200365,936.1807926688456,1.0366249080413088,0.9651810857977723,0.9655836652036501,0.9992748932918485,0.9577023330616317,10.602590211607264,0.9749793939324629,1.0261061749011333,0.9574120997668747,40.135947470209985,13.138162807826903
497.27713180231444,502.66309442655074,9.276558243721759,1000.4390711482887,976.3580044980665,0.981202136114918,0.9346781807352208,1.0038324104651837,0.963227784976143,1.0224427512680043,10.286841691580912,1.0115628972767918,0.995384714359472,1.0101131171633435,39.21392363767499,13.302429227071912
479.9067037869831,514.074564558138,10.377192860684227,1095.3513095482458,1009.9219682310863,1.1114799239911368,0.8913653692993904,1.0271729642662002,1.0649377123474744,1.0153161222234726,10.249637254832688,0.9850927147691855,0.9162966734064854,0.9815241966070056,41.126536124665954,13.219606492534988
527.0040853134471,499.55644408241767,9.802068107246,1017.8733561584493,999.140871476983,1.0056122252670399,0.9611898756039163,0.9938873459020665,0.9825444878994477,0.9040024406540774,10.442472046737263,0.9753075707271078,1.0556169190039004,0.9565408829193108,40.53337034028654,13.17530416587389
492.7808373501156,507.5408808293309,10.234074454744757,1009.5496244691507,897.3608589658688,1.0451425350556796,1.0422154220827888,1.093143083853821,0.9676601704924891,0.9426391341234681,8.955343978021912,1.04071222680386,1.0366214195320085,1.015527311790049,41.8904489058495,13.390738123332284
502.08688390267525,510.65261915336424,10.263377882583214,1143.7250240697065,1052.2202679677494,0.9392473134358041,1.0501045110576435,0.9590024628218938,0.9239929625350334,0.9091894533890088,10.454637582235993,0.947773941661595,1.0600675379653277,1.0413300671530645,42.747907446736754,13.095866528313845
478.7598511097464,521.1060979420383,10.687722655835444,991.4066327024284,1086.557123098573,0.8590354280784614,1.0394905725769426,0.9642931095421846,1.0483123734503594,0.9923561178784178,11.153491296893698,1.0531935403853983,0.9473968442471682,0.9388748639996438,43.55351351330544,13.11116777644615
487.23443830254683,497.4597777307494,9.09256386112843,952.4092117561561,1073.2047599345979,1.0067665559201209,0.9912354378893268,1.01900224950054,0.9704148780928533,0.9342673912924079,9.482857929001241,0.9828539616793136,1.0070960851712274,1.0174438081112176,39.37363015326602,13.355134252546504
499.71167345783533,491.25501961520297,10.869301055712478,1011.4598989784624,949.1070186761561,1.0130981545050923,1.006467569186015,1.100340022306974,0.9964805878981879,0.955137360385301,11.259033931577989,1.0216085021272112,1.095063828981172,1.0393107452885513,42.65209156727006,13.009496879548331
462.86562039341135,479.29210874458624,10.634407636945616,1056.7877451510533,1021.7983389869272,1.0360149817804447,1.0633851722769823,0.9093628802128909,0.9794776640156958,0.923243544359352,9.104963194769791,0.9800059046430105,1.110235106324928,0.9846880916459788,42.348418850227645,13.19055082162675
507.51712785736515,477.7066918464432,10.286532996167754,941.7439927906786,893.6750957707538,0.972309427317256,0.9565661286401476,0.95769798949205,0.9906740855544726,1.0336597276513317,9.651270381948901,0.9668847239027317,1.003768601825067,0.9960115092893372,40.66735038051704,13.166859980202144
497.3481936638062,529.3112806836581,11.191796114617059,954.5867445347271,1084.500907099152,0.9354080747678103,1.0182037788035743,1.064395150601287,0.9008725947003389,1.0298432408560227,10.337147854039536,0.9685018444436531,1.0148044244853165,1.0002475540772124,44.34560066472684,13.106816042870092
470.3570048748692,497.8869627999387,10.102489298963615,1022.4888549188215,903.0061545110594,0.9199752312075798,0.9064551801983337,0.96605244966458,0.9607710413873181,1.0743178250986831,9.701133467126477,1.042257934017699,0.9520007150358736,1.010178973665079,39.88271475858313,13.332831737119168
440.0441783650557,519.6736095272636,10.41073945803511,840.1327304158186,1020.5254381623602,1.0276570457352332,1.0341148831058065,1.1029547393758388,0.9458194279470817,0.9912062882037043,9.55496154720436,0.915115574674902,0.9897055049794489,0.9436026096346699,43.21837262344414,13.175534939895318
512.8263033470076,467.5659038414312,9.63079300936602,945.3660671008847,1058.1289844311552,1.0355145463046906,0.9774478480628661,0.9589240167331895,1.1089197690101782,1.036904424075696,10.07652188185079,1.0058894166057786,0.9617270869190724,0.9742075379811183,39.67318572331191,13.178156096230213
492.56039902641675,451.5457973040204,10.567178703975914,1039.7742041221036,1064.5660865465368,0.9562120835801868,0.9422184282488242,1.0536163001641572,1.0673432964723581,1.0564800136884707,10.218640239846934,0.9678209785196439,1.0522882669884346,1.0206772368601402,40.41696958079306,13.011351873351654
486.74978966954603,473.7727192250009,10.083912984861207,970.6630041923452,1017.1985257356454,0.9735982689857923,1.0386416974133539,0.9955911261386514,1.0219038386934567,1.1046020187483965,10.437217789475714,0.9746516258100609,0.9798340942120809,0.9620655139858738,41.4725327936342,13.048810381727169
494.09613425367644,528.6656741877376,9.774399927571977,918.6758433654472,928.7174975446629,0.9635907278875872,0.9444382523917515,1.0229779470541958,1.1243381880427634,0.9375224182024836,9.863923938409052,1.091168494619494,0.9954319751612148,0.9956730304977395,40.762253557987364,13.438846366726958
545.4118985220287,526.7019359958115,11.058469599157938,1096.2783329214653,994.9412103477857,0.9052396258559615,0.956635916094198,0.9482057450965693,1.0638661179482198,0.9594829166884797,8.985693341158191,0.9649471149498685,1.039721810544892,0.9963644269338797,43.29684847635549,13.293156660192286
498.75497577350893,508.3009651963021,9.847600167729585,929.4732421363366,986.5840762907526,1.0099557804358257,1.0768409210759542,0.919689624770378,0.9327638288436543,0.9509521589028452,10.286301732669928,0.9631433301774339,0.9933999879086652,0.961021556100149,42.13750797704962,13.152494264871825
502.16548157471357,479.945746246001,10.004430663804259,973.8317226520047,1018.4179579523474,1.0423008058307097,0.9476987457825182,1.0387774783628194,0.9357387643655801,0.9306685844655653,10.647713901841282,0.9226612938879748,1.05198391681899,1.00665521707985,40.398878675808255,13.036288811821377
462.82317825811504,496.72993396085366,9.901360021336936,981.3634250354652,1049.3872992007875,0.9888325144634228,0.9671997486633122,0.9735346203174124,1.0133932490775157,1.0357220699837115,9.769370513479387,0.9064922681889978,0.9915813093172037,1.0653846808619183,41.167315260254256,13.155091951133397
541.1834766589025,492.5559880050267,9.622164543381759,1004.1572196988851,1033.1020441154146,0.9288763847674694,0.9658372752993407,0.9540653474432427,0.9965312740873284,1.0364066688501685,10.393366042032758,0.9879295385671502,1.0374390819106507,0.9603477701239733,40.16088886714062,13.184908258404253
522.9371995861073,491.3756663476171,10.265636200265215,981.5247399048026,1106.0808278834768,0.9900839058274883,1.0392400476163137,0.9447353575750991,1.0105738654322494,0.9301093074053218,9.318386389282896,0.965730314907915,0.9494237007989754,0.9692227252594414,41.884657812989126,13.21075829366177
526.6733716751295,437.3482540671092,10.369204801866365,995.9517460716445,1033.0525427561108,1.0682211345311716,0.9082044151340438,0.9477482119360795,0.9587534419173595,0.9457137717621,9.638814104242414,1.0345446901056525,0.9991431865477384,0.9919802440964596,38.37776329453569,13.167036448012524
501.191818280292,478.5518403509451,10.177186263869363,1002.8747289537955,980.5591245847058,1.1064953030866433,1.0625197841493907,1.067661333002422,1.0922752100940705,1.0156849580899052,9.406785061390558,1.0101275775815017,0.9262235460695869,0.9396392357547706,41.704468499385854,13.21311393277115
522.9163697206149,495.2472781079441,8.819710869277532,995.6661785616789,1081.498977608009,1.0134548569630633,0.9878323067984828,0.9538678360126879,0.9824443261567207,0.9754147650427892,10.048020556184582,0.9544911902237759,0.956856496045998,0.9699073685169836,38.986332814917375,13.267082685590252
509.27367087736025,537.9106947453024,10.503998501711543,1004.6636920346621,984.2735967527669,0.9605529485652083,0.9841566822598038,0.9728763577484234,1.0560115174040907,1.011450624602555,9.414254586638016,1.0734244875596488,0.963096760691495,0.9258249210651859,42.607376068552675,13.414331482189871
515.3297269464751,504.0185764782936,9.824880825088453,881.0537156091821,1014.0931755477194,0.9007212269781344,0.9551659291546425,1.0983342203045148,1.0729695784830882,0.9915461990891323,10.828137879955593,1.0549747375992709,1.0966452529580832,0.90667100808638,40.663646958967306,13.214956245256733
496.1951760397927,535.0222071565702,9.391838294055347,1022.0532348883781,1009.0388963181802,0.92270319528824,0.9927274336166264,0.9783842051833611,0.9707382301531207,1.0530008219631084,10.256199755712851,1.0009501269813215,0.9470655353737081,1.0167448295380535,41.00589071824591,13.325518943230172
463.15280129895103,490.15732728101386,10.301640479525487,929.7771651009482,885.3384320844881,0.9955556224906636,1.073519676124738,0.9997171814800097,1.0288190562475223,1.0563354428192238,10.021794631591405,1.0391793072336861,1.096912349362713,1.0418727031514747,42.41391407791361,13.184102022267487
525.7213586950796,493.6827854688048,10.281424710186931,891.6677244385469,1013.8409976712142,1.0112882715101206,1.0106426193223206,1.0183825450989563,1.0796489206042625,0.9085075357778424,10.357909216222984,1.0856454181843593,1.0330155826577383,1.0868419706306272,41.43725041163738,13.234244654186082
451.6260090847573,402.5144567486415,9.478463148859332,1069.0673953245603,1014.4719976750297,1.0128319962206587,0.9533729904066088,0.9852000455132754,1.07291226725476,1.067814249686259,10.63873554628079,1.0196821180146103,1.0230940862525093,0.9919519486417648,37.092611898341346,12.982519540965118
494.0015832185491,511.58325848017546,11.236217839416282,935.7242360400447,989.5147472513809,0.986851126727663,0.9826322418675131,0.9655936681395118,1.037588443876925,0.9759093962205245,10.194378220726605,0.9726473593450173,0.9635406486767666,1.0477782842145262,43.62652768051287,13.099090153887655
494.88693779000846,513.6773915334834,9.395186725312175,1008.9934552977104,992.9356512370401,0.9228388947619536,1.026722653328977,1.0639442413050557,1.021985267222703,0.9432983764614942,9.581721707387816,1.0058597220933607,1.040703009397084,0.9852636757487967,40.87892209796224,13.351609984178939
473.92849647538736,544.0939767389843,9.133498647807771,961.371925646756,935.7798253239076,0.9211772035135266,1.0042662536093727,1.0159915350928355,1.0039425224331577,1.0301453266644518,10.043646133395256,1.0086850320202763,1.0943579023096714,0.9632698643662997,41.04318782225834,13.3904856670556
515.3280784084145,487.8309697301793,9.422914286850842,966.0766892064777,1004.1231654419001,1.0073662182162093,0.9871344704228137,0.9685253197667095,1.063438345534113,0.9510150787277345,9.781833812011808,1.0138786444183037,1.0489456135336177,1.0322544655801267,39.82970042510069,13.293516253215065
494.9917574647608,502.35385390492615,10.710399921445031,1024.182738429108,1075.1462743200932,0.958771605900978,1.0302286456572596,0.9307350950522816,1.0291530311588948,0.9371380441573858,10.269278807775388,1.057291542241642,1.019888277042082,0.987435060509101,42.670130162478394,13.18538434603892
489.07829186006796,482.3618011319729,9.912071637148243,947.5887520404245,991.1365215994508,1.065241777077197,1.0180543342555437,0.9421163968189435,1.0062145636311772,0.9827514300866514,9.806447181120138,1.0158839341738601,1.0038117985754238,1.0329210859935978,40.73463187403156,13.229189453716781
512.996043274441,470.593573376993,9.813971656075903,1018.6337137707491,973.8937124257214,0.9270543623247143,0.9461141992615807,0.9487727301040139,0.9763646495242806,1.0680598123829403,10.035431020975631,0.9173967762900974,1.0345393121570854,1.014624966708359,39.91177750311761,13.085397282901134
488.0855239860397,482.172300831576,9.968921139433336,1019.0346238121505,969.6135552594949,1.0843548961835272,0.9042541823855851,0.8922008000846163,0.9323671445464519,0.9091043387621469,10.525065314461967,0.959974123570399,1.0079583951632436,0.9512049796188841,39.53182897487574,13.124965906290669
534.7244993709577,491.3750368978553,9.701693046041848,1058.2223956968073,1100.8543954093666,0.9666751908887199,1.0250244101615331,1.058696920528589,0.9913238156999705,0.9479338356048883,9.600693997343134,0.9466736264485289,0.9896374982387323,0.9449503887013666,40.93049440970651,13.203098950759351
508.78637690468287,533.8859507167454,9.654868293336465,983.1893389751475,932.2378255561468,1.0111594500682353,1.0928722060663976,1.0051050346618686,1.0932228688299748,0.9154226721392119,9.926157835382229,1.0177258628321462,1.0435157299884907,0.9481995115679491,42.79410595930034,13.314274812464353
488.14167532913905,500.05529006433443,9.67939225309728,1052.3291126682104,1042.2474883668428,1.0111580964652003,0.9589634302866946,1.0268326932156597,0.9758193967861384,0.939763492668179,9.883306094389487,0.9865688580968857,0.9834275654876449,0.9670297679305475,40.1614055935374,13.270640632414489
451.3933756003614,480.2363797583031,10.353977761733711,1086.0347353371033,1005.5705902573341,0.9827996225070583,0.9929494141371985,0.9290562843573503,0.9679388589962303,0.9925719544984583,9.695228734981342,1.0176338290911684,1.0443719887334013,1.045376389707603,41.02751025210352,13.212452348172256
467.30617007747134,503.54694570604335,10.51022794283583,1079.3341139710233,1096.0448211728492,0.8993258577686094,1.0677040691252613,0.9757446151055756,0.9879668958076737,0.9340105585237647,11.279443321725422,0.9752816622247761,1.1052110207304555,0.9943726154309236,43.451429343211615,12.982618919215817
527.1707696192091,505.4392838890009,9.47245371900861,1029.3038478395697,1065.5632710442019,0.9758802306791076,1.0869816982719278,0.9879950240815407,0.9893565610432627,1.0155188760031832,10.584688946472436,0.9635827160562301,1.0480099463892187,1.0711334186780506,41.84118204334954,13.136134860176568
498.7348984222164,483.094198600626,10.119613985869195,1022.4583035964502,995.5840987018993,1.0761230098016992,1.0032617943838282,1.0037794890118585,0.9720412514548249,1.0052909874108609,9.670643855173829,1.0508661305616886,0.9758831864143405,1.027280082093451,40.63027126399989,13.276377697147565
492.9218733580116,528.5808406657399,10.394103620624543,1142.4727480362972,922.9265681211912,0.9359603362469325,1.062486263703248,0.9896857019663919,1.032161880832912,1.0361102405861549,9.678906355614709,1.020150102576941,0.9906491580275145,0.9911109897714615,43.493538912715174,13.283594210705907
541.0812903560675,452.79127772558377,9.459124025246942,1111.6087979398778,1071.4819921635954,0.9078945426348033,1.0375316985357028,0.9377537819432606,1.0162896615492154,1.0960017717356156,10.170673976713275,0.9880330342256609,1.0530299696495038,0.9571862378517395,39.63430720706893,13.096407105965206
467.93376889815255,494.66138429792534,9.748716703991402,961.6691357945613,1072.9021833822178,0.9890563251518538,0.9722092134815642,1.0545924613041617,1.0591435414547001,0.9505763180463543,10.633253765899447,0.9168543894474906,0.958816542508544,0.9017616421180965,41.020421845351656,13.061640238989023
485.358555003966,516.6266516407311,9.480967918844604,1046.1804518139145,944.754900274077,0.9793806467295207,0.8990594191039736,1.0355142011082679,1.0300755185251715,0.9759531647140604,9.948773050806327,0.9356705544998489,1.093416840009014,1.0542467251338954,40.01824850117116,13.27790886118732
488.1853080810379,466.5391870130786,9.354485728491381,1030.0979616031784,1037.2616748602566,0.935357912096668,0.9545286219201501,1.0037430011396768,1.009324218513287,0.9697847694359586,10.426249853881782,0.9407812984855088,0.9902459475625188,1.0652239058289048,39.07475944018464,13.101928294560695
514.6584320382825,509.0313437160844,10.050931434395,1003.613373074916,959.96167255703,0.9623713642616617,1.0184614665702882,1.0516116900390038,0.8948466868788614,0.9773916936871221,9.126459067316025,0.9969406030835466,1.0069290147233945,0.9883282743333058,41.35867032293947,13.34644838440335
483.41162004239885,532.3223262548452,9.631933814334937,1007.6656149061075,961.1904846817696,0.97594604585314,1.0209627417105465,1.060405171580367,1.0098573664408192,1.0201681191574115,10.202179875002996,0.9520696766831909,1.0211009895637264,1.0874389403841387,42.16237560449443,13.238121047505647
484.6645537846493,511.3417816064242,10.315564544572274,1024.3892556231158,919.5343290281978,0.9793562768267381,0.9748877724144481,1.0696953199264003,0.9673435118717981,1.0299918844988571,10.662661525265069,1.0535017813787442,1.1628599537358382,0.9967736181464029,41.7683715137833,13.210567043160028
459.8712650778722,457.7460014255768,9.985289038692349,1046.86792386648,1046.6452613749657,1.0081386911180643,0.9571150020305575,1.008151269729401,1.0538863928943503,0.9747019745269894,10.081184742441483,1.0371209413454332,0.995626753908905,0.9988042266443662,39.44741734712144,13.172147485669184
518.2337351004464,481.79512431411877,10.206313677602497,1010.9384930825818,1013.5564213049655,1.0353331626161333,0.9199847379974653,0.9842602481289049,1.0036719960146825,1.0665851871287195,9.682276965113708,0.9917531646996764,0.9713835639072491,1.057023365241815,40.09292771781005,13.228267236259734
520.1534839628755,530.8075850626066,9.853858543690064,1016.9896857279883,1024.724986535416,1.0193537452586272,0.9159833161311759,0.9760094033265275,0.9618691083466313,0.9864181331764658,10.555626223254622,0.9574127093944333,0.9798146877698869,1.0006217702177218,40.931048829458085,13.225750256377614
488.09058131497096,507.45838112663233,9.682501308705488,1069.607015707132,1072.623746836338,1.01708743676159,0.9938939939955845,1.0445616491725196,0.9728379707999336,0.9942056110535472,9.508306235727314,0.9748694840999284,1.0328735318539586,0.9772863122981719,40.88119081791939,13.303370516559871
504.0834986385325,499.7535265377506,9.95466343244661,1015.8860121713684,1033.4312318296743,1.084007147776495,0.921263303830177,0.9649267551793133,0.9399256487049322,0.9555043846303417,9.858904077815241,1.0145536607214876,1.0848189458803437,0.9820666490340569,39.959777953267775,13.300082679834027
467.68384693101643,511.03001486788725,9.997501934861702,1027.251124085654,1029.228137841807,1.0547651612502646,0.999244700513564,0.9543236938293513,0.9726226434860175,1.0333987667771238,10.307005029332304,1.0010519041188832,0.9491378272828221,0.9140743268459173,41.56034361097361,13.212217084023884
488.2046711314774,518.0262237501469,9.64707225274169,1049.5115048289717,1037.4636939533332,0.8543579923253775,0.9601009564044573,1.027719845583742,1.0157593411534338,1.0372855811237633,9.546049914556578,0.98938387753305,0.9823730779442941,0.9960944368235762,40.741660867798934,13.345814784574946
534.448773818063,482.2883690850502,10.213297727555082,1081.6631208029212,946.7714077897313,0.981841907818617,0.9786917728661472,1.0261502087200938,1.058941178357841,1.0001401684703717,11.325601001134427,1.0586461748476417,0.9890352836488144,0.9990007730397898,40.87623518296851,13.081892630206369
503.3932683516784,492.73999799817614,10.373297427988234,1061.35204646002,998.2767432692153,0.9211724904741524,1.1062683847019064,1.0318274817897055,1.0259927978068049,0.8923495098630551,9.905236588198878,0.9825198761498276,0.9806965384707146,1.060942273695841,42.988833507012394,13.12661306474866
557.7590871698972,503.5728412416705,10.079041352665463,1018.8607476413447,939.6869222676875,0.9655431767931415,1.0024131264815102,0.9575390979413656,1.0404847905963617,0.9878074319937579,8.99378612569354,0.9930975860297534,1.0750523941298318,1.0322004368194166,41.47767298452622,13.340520615210941
480.32018144607105,486.40105695531685,10.85674544425078,1010.3907726988032,955.004344469592,1.0385536932421542,0.9828223540795838,1.0150368601506163,1.0445552676937184,1.0296637029925522,10.552010991091844,1.0276980785345342,1.0442828933140567,0.9627148839199334,42.16288669171348,13.086720589326136
514.5071104181077,496.66371103656866,9.683830495174643,938.8198211074293,995.4091749252993,0.9899406937962124,0.9913332083526749,1.0457648601757201,0.9838186737540605,0.9791357322014245,10.181209100540338,1.013539268648001,1.0708213148605876,1.040313289753583,40.516505319883805,13.242621372373847
495.1123543041724,532.4467940295498,10.26029820910055,1014.6031272051775,1053.0943809087344,0.97858053683492,0.9263171393671653,0.9760084266742023,1.0726572931558982,0.9951635974570132,9.981635508142176,1.0540412966099444,0.9760128622567578,1.0146584784570984,41.55163464362871,13.360366972103483
514.1454461707024,475.8045033826986,9.79563259973547,948.1415120027089,1102.910700694948,1.0658485764770758,1.0669574631700443,0.986593082467154,0.9324146610195134,1.025627809657891,10.246412346813992,0.9753839175949661,0.9451603633962371,1.078306267502665,40.97240974436734,13.11066444790829
499.8197160085311,548.1665677283785,10.117314751837629,948.7980279242121,945.7403418553736,0.924811102919361,1.0423908209610246,0.9851022972525485,1.006169121761085,0.9090303966859254,10.321599498074677,0.9610651265284726,0.9974442054516324,1.0451810094861715,43.506385262047885,13.217760697150755
485.970047239771,546.9836094345496,9.585025330208957,1032.5254463734525,1008.6665208179242,0.9953092824940157,0.9734002434137706,1.0759609190293165,0.9737122367185302,1.0397353085211274,9.949438514783328,1.032893186078048,0.9626213199366438,0.9948174912786448,41.23637879875193,13.416451663612854
478.3095808919574,457.1640140508922,10.557561688682384,994.9711408212123,996.4544781896931,1.0274379429421598,1.0114644084468403,1.0450404307453416,0.9017277280300519,0.9053150762758377,10.347345446807097,1.006373888764792,1.0107522964944309,1.0521866906189037,40.74013476109872,13.048140747734802
576.6509184762224,496.4744333721744,10.08801045287863,1023.6104748014684,1026.3617811211445,1.0012067352289347,0.9664211137094129,0.9329715066257939,1.0829497331381952,1.0047769880212138,10.199032306635248,1.03959592230626,1.052985087175974,0.9813472745609993,40.89135805122698,13.234141412706386
498.0663735068946,508.56728924114196,10.596122249786584,968.6518441311,1029.1204941154483,0.9418362394423478,1.019814061478972,0.923962424269337,0.9001154276440313,1.028747985858316,10.480379119608203,1.0360883128013536,0.8906708157925962,0.9520425788501639,42.29187792783388,13.171458800504926
449.58348274416886,480.97822281233925,9.36695221158812,1060.0602003738081,1018.1210582147964,0.9988716218343647,0.9328513640771421,1.0325055354756256,1.034467512253264,0.9749025947559649,9.762125115257682,1.0353506058517596,1.0369228846392708,1.0121051742927367,38.79078219523938,13.334068424294866
483.78498480241666,481.47298740788176,9.753242395399612,1007.1886090028117,951.6411728776261,1.0403756087684812,1.0133735351382682,0.9893448453555556,1.0896587521689625,1.0233574650546866,9.81141352830481,0.9512460224224061,1.1070914006436017,1.0278427045355103,41.04428158269462,13.156428550523575
516.9509931780999,494.0646075816363,9.553717099860965,1059.386416351681,1019.7337711476414,1.0178624986616385,1.075063491919494,1.026628623780685,0.9898438291825657,1.0246929979445678,10.318138230348133,0.9951612746107383,0.9386999138083009,1.052276197066789,41.25291966942767,13.179424728677024
487.4997891703813,518.4794521777887,9.73402906735425,1033.6720245090912,1044.6163356538887,1.015884571287243,1.0223140637154862,1.013284771574049,0.9942314173467319,0.9734133956910085,10.354595980470782,0.9730223429503692,1.0160748224232932,0.9985454631949804,41.802985917778464,13.205911781724307
534.0111550621315,487.21665402632266,9.653695151407089,1008.2624519299331,974.3304583776749,1.0153724014767562,0.9704955306440615,1.0504800437910875,0.9050608436313166,0.9787810705770631,9.992082319216118,0.9766517037676428,0.9411074525001358,1.0029027645440824,39.72591439483311,13.220063582509868
525.0599568210989,545.6673452905029,9.939729532856354,976.0736294444639,1098.908246179527,1.006759584590552,1.0474884989718447,0.9187142488548091,0.9875096499772125,1.0401946278835887,10.051942786900579,1.006166996209182,0.9563541576213264,1.0362573087239588,42.89731789099311,13.310630604829687
496.1915341043941,507.2493500584633,9.991376428136078,1001.5753788824431,988.2543409026548,0.9379369598808177,1.0975271498169947,0.9726068497055751,1.0725459171079479,1.0153236666059442,10.480680713515088,1.0757951146997744,1.005709039103705,0.9963757360268106,42.563539943887584,13.22053334635324
488.19460143059894,497.4356178979169,9.97950756765172,1041.400524274331,968.3069901102705,0.9845448906799118,1.0365467016588905,1.0125497035648403,0.9738940276616601,1.0300244553883382,9.57781422198382,1.104425180493652,1.0912289027465387,1.0805173023051833,41.07806204584041,13.374542422434796
474.87997482430757,536.2314921282865,9.722238063244086,1034.882886707698,1014.8189519203966,1.0215418846504494,1.0048617006439644,1.0117234766262653,0.9512800514881439,1.0205418078490884,9.40293878630243,0.95885714307741,1.0804494746145297,0.9257065839308457,41.89693769276679,13.349199682049031
482.5008364421669,515.6570298765088,10.093712588944333,940.2207673748129,987.1205257930202,0.8442745398724618,0.9598890836657317,0.9525930321353587,0.8842125020020524,0.9715335570644419,10.400575723465861,0.9979616177218463,1.005691116341439,0.9366890777178862,41.11011172053786,13.216349588839114
463.1714231333594,509.23216939218935,10.43780774776545,1051.2841026372973,931.6413592947258,1.0378588982923913,1.021781951463039,0.9736420529936618,1.0642839295969295,0.9471515267733855,10.196151326124957,0.9597534439972001,1.0513403652380082,0.9862101266196569,42.979770884309865,13.124975319187838
530.1099072883271,491.7214904307619,9.548862217005539,989.3046029262446,998.6921606738516,1.0168712231062698,1.096113337242993,0.9707078591509324,1.020589420051959,0.9489308240734657,9.650876092659372,0.9610100603854973,0.8617211037666471,1.0554009028704314,41.361296541126165,13.209753200613683
539.7675196781515,545.3496403473188,10.00044431250096,1040.7631860501938,1079.7851220449202,0.9457910144542926,0.8991559916146079,1.0022339583434354,0.9848990221516725,0.9332024911964898,9.859658696516,0.9864840867371869,0.9823896069371582,0.9954070145517955,41.04361662392469,13.365538245519208
468.59654825680667,520.2955397434997,9.962964555412059,965.1255869294719,1100.1266158719918,0.9626824950027869,1.0488644710915116,1.0350282125369952,1.0521391931867514,0.8995593131928905,9.622729871040722,0.918912983485543,0.9874545155056705,0.932262407905294,42.799692114669234,13.19661569348884
470.45792560783843,494.91471660138217,10.23417731711188,1031.8927643828288,971.6479269754639,0.9898079351838163,1.0073895937026989,0.9862265751973255,0.9734659312652654,0.9704987728554038,9.741163411003402,1.017976542833011,1.0286805213548254,1.0388287226480903,41.43569655403169,13.245851149269393
455.7872035728271,460.5700212329324,9.968070707613117,960.17040585869,1045.2637301820907,1.0206717479586818,1.0756678339044117,0.9923472972817076,0.9832990729726832,0.954959295880337,10.663318919510395,0.9436210662926953,0.9608138244045337,0.943779041658058,41.27071262640331,12.95829275490895
475.90364423169564,509.32378854404806,9.992167598202498,1006.4678415829618,1006.6264727426541,0.9812986676561464,0.9936032491939054,0.8952911247675233,1.1062010449166486,1.0032166575728403,10.026906630138082,0.9912552046382656,0.9557440114304652,1.0641541440476991,41.753792945092194,13.23058041546682
422.3415799679177,471.4064976974602,9.504452108885934,985.0985096640176,1014.1943314826153,1.0583501553981753,0.891813874987448,0.9469448280915684,0.9551867162290265,0.9885858221574975,9.445591899636359,0.9600768664094662,0.9538531170142925,1.0452314185197038,38.27900524698675,13.282784042168306
471.443026084202,457.10135120604195,10.01085191952982,985.7213716570295,1063.368560660687,1.0206562806233597,1.0995718695413992,1.0926490027610085,1.0145166187830703,1.0186574540856461,10.263676207034957,1.0339737538676526,1.0284751904114076,1.075268277655268,41.15152700440888,13.089684319263386
532.4228849950131,493.0212123633059,9.539057755350445,971.6706378204547,1042.6035764144522,0.9606714297059639,0.9420308552907751,0.9142646186491525,1.0111761744557435,1.0562915134906228,10.264931148009577,1.0400132620641174,1.0187382826082336,1.0626996577496248,39.49615442615251,13.284094321661033
491.3581867633884,507.03677756476554,10.257852124082039,992.3210451874745,1007.7160207880746,0.9764409040497968,1.0400160110916978,1.0682195920625448,1.0048721020488327,0.9509534554448091,9.970109895262935,1.030226935787829,0.9816781341544718,1.0547641444827267,42.23297170885459,13.24260478926905
521.3646058713352,532.0620308420791,9.94839053285674,912.9682654916254,953.5627857157217,1.0113789811747822,0.9936214858039545,0.985105410457786,1.0003136875237435,0.9874878420509099,9.9663229463924,0.9969895398564137,1.046837087681891,1.035781239142134,42.01129907055864,13.302187950258983
487.7757734039489,507.06129563213125,10.019929208807332,1043.8299846700709,943.8009579217074,1.0364187015801163,0.9980206852193504,0.9018399125751249,0.9346669647716289,0.9809631983354943,10.252849255495555,0.9195234539182964,0.9929515217186976,0.9845196785966103,41.73968089874907,13.116932413278345
544.0166824248281,520.1504881792688,9.554404816454854,1048.0843293544194,996.7990944776343,1.0340007737755061,1.0068811928317276,1.0728842291408227,0.993124954288625,0.9563215649704744,10.385607686786413,0.9470125996061216,0.9686278206594915,0.9949446712954768,41.352722398299974,13.197211676145034
504.9804495753464,469.3529323694211,10.401878789970844,977.8613063576508,1016.1806663733441,0.9951203124164463,0.9727066966054475,1.0642034446362219,0.9878764517843652,0.9403495645531412,9.951689344780188,1.0221141678836507,0.9652903088725928,1.0007053793556147,40.465678374024804,13.161696749187916
490.44994269641296,499.43669556331105,10.346156954466087,931.0122687046033,1025.1585946129537,1.0074747523771101,1.0093291928534827,0.9748375888835882,0.9665537779091247,1.002982434970989,9.718007475067298,0.9694997712967359,0.8952959808087138,1.0098921346921284,41.89732564068285,13.192554579064941
563.8106006342771,503.1052829826126,10.430761964524905,967.6645365089862,1039.0984676687826,0.9987449479305694,1.0153837509879873,1.0433638495283553,0.9583230015587686,1.0131779919143808,9.886422572182417,0.9839582823779016,1.00821254922344,0.9731186994248335,42.20361491365106,13.181667405691565
491.88820359286404,521.5561546154978,11.113693040456587,1047.3807164848938,1048.9792564399047,1.0410994962632323,1.0400800280862894,0.9822052731958046,0.9499138870351282,0.9861360824727805,10.490296440537344,1.0257035532322325,1.0347259797206492,0.9634705675987916,44.07999824329868,13.13547954565924
469.4694162568466,502.90151683577545,9.973740308853463,1031.2760386690886,879.8461651622714,0.950687774184689,1.006251075509398,1.0025463136976775,0.9595286558634197,1.0281178263429687,10.386889018695355,1.1056445817241627,1.024907879699252,1.070998339602277,40.91920105036341,13.303466321242581
505.04775004900273,520.1019739529968,10.601701417903904,984.9823219540613,1045.1720166514815,1.0301421346394086,1.0159346079232647,1.008313474990757,1.0204547983021013,1.0155904718475302,9.78965741723833,0.9627274328862613,1.1330602973599733,0.9414522288406386,43.40548978246654,13.184804115167019
499.029124036048,487.3950188055716,9.93808609678804,1044.8637390070292,947.6276111709738,0.9073798468466377,1.0664092260722875,0.9884494723376244,1.0018228121516015,1.0505831597636466,11.42057889687452,1.0215805452381925,0.9824092277967506,1.0539943581127411,41.79376179590785,13.033081783455412
526.6581138291564,508.9488726553289,10.197043647920149,947.925962183374,1055.7034287378488,1.022551647958458,0.9548989095200775,1.0262186310896872,1.0827748746495005,1.0021631299590823,11.2556388922839,0.9714481534173136,0.9355111084544592,1.1018040601338606,41.802568021567815,13.067634596748517
476.9591518875547,510.3716600313606,10.182668713806468,969.3681834454504,1016.832216397115,1.012810640783038,1.0035071948451417,1.019287450274813,1.0301666445343785,1.0076595929582786,9.473886849386512,0.943690125345608,1.0893850891723182,0.9491629184915882,42.31812028466009,13.221768345058345
520.1179232869874,468.75560688533375,10.132295881679237,1023.7303623341745,1031.5279908893517,0.9999812924044573,1.0239156257119588,0.9738557555729564,0.9702470725201875,1.0560397819394118,10.514967765825185,0.9827600012875607,1.0782974465742723,1.0695415090636078,41.06849893179076,13.048486631485357
521.3187117643573,504.38846571419106,10.329128089260191,995.2043335147771,972.9537125897962,0.8933695334834473,1.0517718201222501,1.0147996580245284,0.9730442178011827,0.978419213456525,9.501862664892489,0.9873524077850322,0.9607882435020145,0.9942995805392416,42.42989804563449,13.229736511920398
483.30781770162326,491.9909368262148,9.848031809830378,970.5387150422398,1014.1325660683019,1.0783362035048971,0.9968208928537575,0.9739706235803034,0.9913514093195543,1.023102381760629,10.02208240047212,0.9782017135164586,0.997051301518479,1.0733061608311245,40.890351760914605,13.198116945656311
504.0811001430669,452.39780128459915,10.020466140790738,874.3936134744299,906.6393710304851,1.0449205572529503,1.004967444309473,1.006690932816165,0.982498943595426,1.0497672466012655,10.776906967201528,1.0254250964231169,0.9755066798857496,0.9719218726005162,39.925460944047416,13.042626725504755
479.23120107864156,523.9601670035349,10.267654823670906,1033.560816730601,1054.7623308352288,1.0012724166542717,0.9827526533935811,0.9751565200388661,1.000184701840776,1.0451330693698635,10.387017023295018,0.9855179017492098,1.0270569504793257,1.0647853438525783,42.42830742093055,13.19842182899498
558.6452018460167,490.95353299239247,10.873926950019245,1016.1860906698656,983.4580630679592,1.0229353665365775,1.0620128013769676,1.004864533703299,1.097059832018921,1.0415921792093408,9.403115311772265,0.8968841276026771,0.9831563724893311,0.965646890359825,43.835908086949814,13.044193186823044
482.3965109429958,478.69024854685347,9.578821665508794,912.853883572429,870.5459852584855,0.9530308924410602,0.983941397469989,1.080032294508946,0.9924010637428641,1.0312538945039853,10.25893404513802,1.0263731867229537,1.0385026623714182,0.934600454602606,39.77066914668928,13.209977604413695
488.67313890828217,490.56708140765465,9.096933689808543,1030.0162843054263,1053.0741776829611,1.0256136576724357,1.034264629992511,0.9673054288481591,1.0065998494920552,0.9858945365032702,8.773529674328225,1.024032327292466,1.0491677780093214,1.088490264374506,39.53899071789369,13.463264132937082
473.3540494509156,503.45500757870803,9.75795725442615,999.2818120620707,1083.8386863326193,1.0780043573560556,0.9949062450433924,0.9268436475708156,0.9404181586936488,1.0492219911461291,9.206932860666948,0.9282332577589433,1.0991513726573112,0.9583418755392195,41.09055883035594,13.270485042516505
491.3469681206707,537.6977371086784,10.044964216490394,1013.9417388687158,956.1935241797995,0.9410957205144241,1.0015422356873425,1.0797072731709878,0.924972669592462,0.974856510361048,10.01763876245712,0.9661879677939251,0.9793808314304262,0.936462957914639,42.3351512498382,13.259831996608922
499.8530993325774,495.85166992484494,10.087488546601845,1047.2596603288,1060.6354942896376,1.1346378741532395,0.9388470892285452,1.0146222202536694,0.9932179200737928,0.9789920581620893,9.587180408086827,0.9758899318831749,1.038728997254228,1.0017495448861875,40.58419483182233,13.259495958521141
519.1947283836172,511.81018742396276,10.046108892893367,963.0056597525336,962.5122274443804,0.9781535519902135,1.0028356039433841,0.9674692907729248,0.9791357076869607,0.9893834489827396,10.788670098927566,1.0338877440374474,1.0521301035301687,0.9843134231970497,41.65862186240066,13.189105997432229
484.7378338483575,534.339484422444,10.59139506133939,1035.6782107119566,886.6739685033646,1.0413703936470993,0.9985176957626679,0.9875175033870212,1.010085210942106,1.027102927374839,10.06674838780766,0.987460275903098,1.0121096395791,1.0595541281189735,43.37990802153626,13.228922827580265
495.35565103321034,513.3387632818448,10.48802489639194,1034.1927075991725,982.1053762860337,0.9586944609089064,0.9258199757376516,0.95431244692633,1.0678494008391137,1.0804753435026673,10.638796246961075,1.0475311955488502,1.0811527194952324,0.9567476248035598,41.659285176713354,13.207333778521459
464.58776583964897,526.7141039354698,9.975366047524352,1038.0757869630088,1016.3068225996467,1.0195202816401707,0.9629779802448181,1.046892192201206,0.9744767768080522,1.066064356247926,10.058790487864968,0.9621168733013884,1.0221391974972538,0.9782069865879106,41.77089498467947,13.246374204637734
479.3149443308461,488.0872535262261,9.765226438623907,1081.7977889153087,1006.6775564688901,0.9363030305504961,0.9773073857055916,1.0356669504129539,0.9657705799630415,1.063719535820076,10.084749398959138,1.042607044740928,1.0071702576503876,1.0395632268140595,40.09570749375154,13.263592106563742
568.8951889568988,519.2762331618494,9.826995559308747,1032.9367421377349,1005.179897474732,0.9670502993200378,0.9235647705732517,1.0314286178752137,1.0489249081215954,1.0345913912498068,10.086416167775113,1.0000824668086987,1.1063606057970496,0.964041936402457,40.73553760446399,13.291264651407223
526.0310797923698,498.55059999825767,9.8218479235087,971.9221144830407,1014.8211428881159,0.9885711360014349,0.9391418116060746,1.0110101713859858,0.9782160293915932,1.0077799347788543,10.983258520328967,0.9814414516334263,0.9615124749797531,1.051731655601779,40.346041045520366,13.128534825929014
480.46439895806714,526.8602809372295,9.887200263085932,1089.9192210069275,1010.8277831811445,0.9672089194793441,1.073478165277458,0.8974979177883231,1.0028757487407378,0.9566251942000981,10.808800077784515,1.0416625678236984,1.059737599404595,1.0537631571591812,42.66905880920816,13.218676761834994
466.5650689617927,474.91101070019647,9.213674719228502,944.6343727197609,989.1980848271069,0.9879285016503644,0.9485008788124224,0.9406510802361341,0.9947160245489404,0.9708420095935327,9.44068843687069,1.0398034034473986,0.9632780156409875,1.0993066515125374,38.28219281550337,13.382054568499296
475.61042923500855,480.51105616893136,9.769479628178688,976.8638202820993,969.9309313423347,1.0487976431872887,0.957166100802078,1.0142200153583236,1.0939592428932656,1.0069930646911724,9.870064768272487,1.0287672893663447,1.0299229851165066,1.1050490598642824,39.926464512107266,13.265805549405917
499.4577285121566,531.7182893176346,9.787559989352017,951.7765144497804,986.709957622664,0.9361457389699991,0.9302119444353172,0.867252554289738,0.9158431894569143,1.0853590078772104,10.843009914929482,0.9935830823304244,1.0408532778930115,0.9638601986796996,40.89670228053423,13.231841068556498
500.8681947089798,495.09790068576575,9.90555980715102,994.8619600229076,982.4163716920986,0.9402123413256209,1.0613690959072961,0.9960372192661278,0.9589547132619493,1.028930713140667,9.247053106481363,1.0523300878691677,1.0478246890007024,0.9642202761172707,41.27441797506753,13.346501403837717
481.3909849767286,491.02598383238825,9.872849993789938,1054.1109641605178,984.8538688282548,1.0023529627451013,1.0459104081748198,0.948734381627409,1.0325396299613787,1.0186447659604454,10.91948781201078,1.059686734739729,1.0726430770715356,0.9543355935647421,41.39345812853477,13.148820712025623
467.8356383315589,501.939310483756,10.336003570813768,1064.8892978420292,944.8523284357271,0.9717905164413907,1.0159108309165883,1.0316646850215645,1.0580048047963126,1.0290798688495817,10.317224758913339,0.9844445094384942,0.9667592696019399,0.999163578256535,42.43225019531663,13.130754283278021
535.5594626312112,482.76256356617847,9.734028322018505,1023.1758707901952,972.8702807741414,0.9498125471957002,1.0042120351646064,0.990169930978104,0.9485465739003706,0.93298895936428,9.489702263574333,1.005375533797174,0.9377009424469337,0.993712395637659,39.9762327678096,13.280585186404272
511.2921362823774,533.298534213264,9.780711149284558,969.5304468209376,1004.1113094392557,1.0066016394969046,0.9754063125228166,1.0529459057159543,1.0589420489846473,0.9669910575671806,8.88906042633637,0.9241862067840863,1.0106282340579928,0.9891671591601381,41.802985797101385,13.373367723988839
490.63579951080163,468.77093370810235,10.270969377334021,972.3189700924733,1015.4709455218197,0.9717816572172595,0.9857795419682368,1.0168827334712918,0.9764482168111014,1.0258247633704558,10.029984978925333,0.965911267813148,1.0162834046416396,0.942579241960154,40.810417093810635,13.084072725567625
494.48346980459786,496.2350500409899,9.882342576627885,969.8401931671217,996.7985526240658,1.0168070098148756,0.9662922629910478,1.0056874376012155,0.9636869299945867,1.05118109648427,10.871575770846867,1.0486790794419376,0.9960622140334204,1.0650276614723813,40.43215027771046,13.196876179764603
486.76173852185826,508.67381964255907,10.108227363422838,1047.6420341161845,990.8170042882333,0.9980119964252672,1.0329133711046572,0.9513330233999856,0.9684937477518097,0.9703463155171377,10.117249892835234,0.952228071119461,1.1247506593586425,0.9258848786477603,42.38997744483441,13.145638842597059
426.5988638495722,497.38882327333596,10.334667849178054,954.6730337194842,1026.722493678608,0.9899392548776198,1.0346097187747263,1.0313854310767963,1.0176915184018833,1.0279489566902253,10.277135881078383,1.0166995285364029,1.0064374039249357,0.9731185036560012,42.29926281584836,13.158130547846131
502.89154567731566,479.942811365803,10.210984747389027,1043.226313770609,1040.7234330307522,0.996588002109701,1.0456314211761837,1.1189641304297042,1.0242303136129902,0.9058807049398646,10.243392596802302,0.9980934907925788,0.9360975490454454,1.0400173327974362,41.59496715535992,13.112974585359323
473.2363897576059,478.290270081187,10.125081223992158,998.3702964187872,1034.0039939350243,1.0511620207374197,1.1024447517070988,0.9144777777262175,0.956261023153556,1.0252220893045638,9.877140301767916,1.0821788419433882,0.9643357716818763,1.0313648812070328,41.48911922405002,13.234889512816006
474.9328925241795,510.6348606455206,9.90177922116209,1008.6025536225966,912.5045457285553,1.0657052248555212,1.0353584316217825,0.9488132803795907,1.0102981913925637,1.0713832894398034,10.198606813447848,1.0069704290806454,1.0237068557881763,0.9896495655875535,41.97532216884947,13.223857883826652
483.99343986524065,474.23798874583247,10.340947051546603,1075.5859191950335,977.2297454372816,0.9920197855354527,1.031726420941389,1.083204634160607,0.9808954198695562,0.9899979153298779,9.686128361142485,0.9061437839676132,0.9954637731770221,1.0475918478627908,41.885112340960404,13.049758419431097
518.3075428677824,516.156067642876,10.0877749706325,976.2332992971338,1035.2827293517662,0.94850162151825,1.050184898853313,1.0255895615848722,0.940361131164879,0.9692494042889586,9.713394265312813,0.9788668655492678,1.0594043820228636,0.9834927630304081,42.403963264674246,13.242975123481227
470.7367297898079,461.8962909088677,9.747573624469126,1083.0864298073698,1025.7698661838535,0.9244354198928495,0.9228995071076906,0.985203519028875,1.08458931746188,1.133772295984338,9.53813378741712,1.0211171027757984,1.0446170272341553,1.099101671718572,38.97459298361346,13.262166789368925
464.142963508147,486.1254225820829,9.924595406500496,929.5273670313164,1033.9905300652372,0.8883210923309421,1.000236623220338,1.0390989214011974,0.9516240424331553,1.0024822669158058,9.813010368475254,1.0303725162928419,1.046113008330341,1.0524197532043957,40.54914227370887,13.256874591283433
515.9963018793095,500.9076505592437,9.390935311338735,958.7618153031749,1015.7175754009713,0.9412022024449822,0.9243748551064899,1.0166246051425063,1.0051270248567488,1.069178052262765,9.812701249983078,1.023218019278036,1.0431763810647856,0.9625643792214696,39.28643805143749,13.352176690932598
518.8592226159888,468.6962014138846,9.519222012926544,921.0804298449182,957.3231598844286,0.9573840149124319,1.0788626081257624,0.9673689028388853,0.941756818901438,0.967527704657956,10.09332515196181,1.0635200506368827,1.0410094217604302,1.0428992928443959,40.00863261138007,13.226669568415602
476.02665730514445,516.3002715881648,9.058545981610733,962.6609057975056,1061.1282266170404,0.9973732225561929,0.9753495191585763,0.9665854544115862,0.9784303095993617,0.9405852372582197,9.82721386693937,1.0126334679380067,0.9941629452663258,0.9890523771629998,39.532008433803405,13.395929038784894
514.059941932324,499.5365296672624,9.660034309196543,1029.1441048605861,932.0205562893365,0.905973058631601,1.088656038483883,1.0427637634690687,1.0045435970443715,0.9235266832276818,9.171291184371356,0.9053135108647233,1.078267717423144,1.019258066129999,42.05211315537709,13.20472539241755
492.7091892396312,474.09815796026146,10.667772710815441,1036.8864532481816,1049.2878896211869,1.071484560066525,1.0530761550189955,1.0171652359450518,1.0080697747240213,1.0498041515718965,9.447248151440448,0.9680212952123806,1.056510740326036,1.0611792470477794,42.39997911271707,13.11810591689645
507.53230441383903,462.0277942562401,9.721755580003373,1015.3387651736995,999.18124343797,1.0531777872887007,0.9723881897132648,1.053884124054733,0.9488121697976273,0.9171202427208802,9.86600611403081,1.0105684126119334,0.9652062513744698,0.958734443486411,39.07203701366962,13.20519651846128
468.4759929983617,460.86026571568397,10.393770408551351,1013.3545980832674,926.3672887856668,1.062258517922579,0.9170116753220356,1.0326890373761946,0.994006346303935,0.9002236591154418,10.264569830660436,0.965789603783072,1.022403452935108,1.0702750922556121,39.86378377036622,13.07038152720053
520.8223612340208,501.27584862825825,9.9982750728886,941.3336511646264,980.1920599723185,0.9743554892623876,0.9437991333125718,0.9693002343801915,1.0174973029571854,0.9693327926754641,9.85525547175957,1.01739885661033,1.0521573260336223,0.986668459285936,40.535340709126345,13.284119410786378
