stage,solver,adjoint,rtol,atol,pcoeff,icoeff,dcoeff,dt0,max_steps,n_trials,n_errors,error_example,success_all,time_s_mean,time_s_std,steps_mean,accepted_steps_mean,t_final_mean
full_grid,Kvaerno5,RecursiveCheckpointAdjoint,0.001,1e-09,0.1,0.4,0.0,1e-06,10000,3,0,,True,4.217446246999316,0.025814169044146337,313.0,232.0,720.0
full_grid,Kvaerno5,RecursiveCheckpointAdjoint,0.001,1e-09,0.1,0.5,0.0,1e-06,10000,3,0,,True,2.5476972983257533,0.14881805449749805,171.0,133.0,720.0
full_grid,Kvaerno5,RecursiveCheckpointAdjoint,0.001,1e-09,0.2,0.4,0.0,1e-06,10000,3,0,,True,3.2686753919891394,0.058398284030571915,234.0,183.0,720.0
full_grid,Kvaerno5,RecursiveCheckpointAdjoint,0.001,1e-09,0.2,0.5,0.0,1e-06,10000,3,0,,True,3.711587772665856,0.005620833251235384,276.0,195.0,720.0
full_grid,Kvaerno5,RecursiveCheckpointAdjoint,0.001,1e-09,0.3,0.4,0.0,1e-06,10000,3,0,,True,2.772302567027509,0.008983393965802371,207.0,167.0,720.0
full_grid,Kvaerno5,RecursiveCheckpointAdjoint,0.001,1e-09,0.3,0.5,0.0,1e-06,10000,3,0,,True,2.64421915699495,0.021836751579452716,192.0,142.0,720.0
full_grid,Kvaerno5,RecursiveCheckpointAdjoint,0.001,1e-09,0.4,0.4,0.0,1e-06,10000,3,0,,True,4.613240487000439,0.0686383974116745,343.0,251.0,720.0
full_grid,Kvaerno5,RecursiveCheckpointAdjoint,0.001,1e-09,0.4,0.5,0.0,1e-06,10000,3,0,,True,3.001366127980873,0.001630835068201836,225.0,165.0,720.0
full_grid,Kvaerno5,RecursiveCheckpointAdjoint,0.001,1e-09,0.5,0.4,0.0,1e-06,10000,3,0,,True,3.6096038883551955,0.005174103164328269,271.0,206.0,720.0
full_grid,Kvaerno5,RecursiveCheckpointAdjoint,0.001,1e-09,0.5,0.5,0.0,1e-06,10000,3,0,,True,4.5386679996542325,0.05478524071538663,338.0,231.0,720.0
full_grid,Kvaerno5,RecursiveCheckpointAdjoint,0.001,1e-08,0.1,0.4,0.0,1e-06,10000,3,0,,True,3.9155964806753523,0.049929078447621796,294.0,217.0,720.0
full_grid,Kvaerno5,RecursiveCheckpointAdjoint,0.001,1e-08,0.1,0.5,0.0,1e-06,10000,3,0,,True,4.191002567318113,0.1218424690574278,278.0,189.0,720.0
full_grid,Kvaerno5,RecursiveCheckpointAdjoint,0.001,1e-08,0.2,0.4,0.0,1e-06,10000,3,0,,True,4.423766960312302,0.22428016655106775,286.0,212.0,720.0
full_grid,Kvaerno5,RecursiveCheckpointAdjoint,0.001,1e-08,0.2,0.5,0.0,1e-06,10000,3,0,,True,4.461758270335849,0.5316853462305401,283.0,195.0,720.0
full_grid,Kvaerno5,RecursiveCheckpointAdjoint,0.001,1e-08,0.3,0.4,0.0,1e-06,10000,3,0,,True,3.361306358652655,0.015920258675125053,242.0,185.0,720.0
full_grid,Kvaerno5,RecursiveCheckpointAdjoint,0.001,1e-08,0.3,0.5,0.0,1e-06,10000,3,0,,True,5.033458090309675,0.008862669975567233,359.0,238.0,720.0
full_grid,Kvaerno5,RecursiveCheckpointAdjoint,0.001,1e-08,0.4,0.4,0.0,1e-06,10000,3,0,,True,4.143079718671895,0.05616836743509655,296.0,220.0,720.0
full_grid,Kvaerno5,RecursiveCheckpointAdjoint,0.001,1e-08,0.4,0.5,0.0,1e-06,10000,3,0,,True,4.894869253310996,0.1648471711404548,332.0,224.0,720.0
full_grid,Kvaerno5,RecursiveCheckpointAdjoint,0.001,1e-08,0.5,0.4,0.0,1e-06,10000,3,0,,True,4.771290533981907,0.05416426462622428,338.0,244.0,720.0
full_grid,Kvaerno5,RecursiveCheckpointAdjoint,0.001,1e-08,0.5,0.5,0.0,1e-06,10000,3,0,,True,3.2000953010089384,0.07322766540580611,225.0,160.0,720.0
full_grid,Kvaerno5,RecursiveCheckpointAdjoint,0.001,1e-07,0.1,0.4,0.0,1e-06,10000,3,0,,True,4.631933111988474,0.08654091956825515,330.0,237.0,720.0
full_grid,Kvaerno5,RecursiveCheckpointAdjoint,0.001,1e-07,0.1,0.5,0.0,1e-06,10000,3,0,,True,4.952882765346051,0.00509211205009286,357.0,232.0,720.0
full_grid,Kvaerno5,RecursiveCheckpointAdjoint,0.001,1e-07,0.2,0.4,0.0,1e-06,10000,3,0,,True,3.201403016340919,0.038334917696054176,225.0,171.0,720.0
full_grid,Kvaerno5,RecursiveCheckpointAdjoint,0.001,1e-07,0.2,0.5,0.0,1e-06,10000,3,0,,True,4.691420059321293,0.4237992921144975,300.0,201.0,720.0
full_grid,Kvaerno5,RecursiveCheckpointAdjoint,0.001,1e-07,0.3,0.4,0.0,1e-06,10000,3,0,,True,3.64986578169434,0.009745760781159896,271.0,200.0,720.0
full_grid,Kvaerno5,RecursiveCheckpointAdjoint,0.001,1e-07,0.3,0.5,0.0,1e-06,10000,3,0,,True,4.480774172329499,0.11871005211555272,323.0,213.0,720.0
full_grid,Kvaerno5,RecursiveCheckpointAdjoint,0.001,1e-07,0.4,0.4,0.0,1e-06,10000,3,0,,True,3.6086503589952676,0.01832235492309102,269.0,196.0,720.0
full_grid,Kvaerno5,RecursiveCheckpointAdjoint,0.001,1e-07,0.4,0.5,0.0,1e-06,10000,3,0,,True,3.4231718339918493,0.0039452106385945585,257.0,179.0,720.0
full_grid,Kvaerno5,RecursiveCheckpointAdjoint,0.001,1e-07,0.5,0.4,0.0,1e-06,10000,3,0,,True,3.9952630163364424,0.01115994029115503,300.0,216.0,720.0
full_grid,Kvaerno5,RecursiveCheckpointAdjoint,0.001,1e-07,0.5,0.5,0.0,1e-06,10000,3,0,,True,3.34291166633678,0.0036313197472613652,250.0,174.0,720.0
full_grid,Kvaerno5,RecursiveCheckpointAdjoint,0.001,1e-06,0.1,0.4,0.0,1e-06,10000,3,0,,True,4.39138104233037,0.3821718107658482,301.0,215.0,720.0
full_grid,Kvaerno5,RecursiveCheckpointAdjoint,0.001,1e-06,0.1,0.5,0.0,1e-06,10000,3,0,,True,3.1693686046637595,0.030101086156449595,233.0,158.0,720.0
full_grid,Kvaerno5,RecursiveCheckpointAdjoint,0.001,1e-06,0.2,0.4,0.0,1e-06,10000,3,0,,True,3.3948813849904886,0.009397811116540719,252.0,184.0,720.0
full_grid,Kvaerno5,RecursiveCheckpointAdjoint,0.001,1e-06,0.2,0.5,0.0,1e-06,10000,3,0,,True,4.64905528332262,0.4276816423959436,297.0,194.0,720.0
full_grid,Kvaerno5,RecursiveCheckpointAdjoint,0.001,1e-06,0.3,0.4,0.0,1e-06,10000,3,0,,True,3.528320002660621,0.23052218322248463,250.0,183.0,720.0
full_grid,Kvaerno5,RecursiveCheckpointAdjoint,0.001,1e-06,0.3,0.5,0.0,1e-06,10000,3,0,,True,3.439296154654585,0.08275482961606821,251.0,168.0,720.0
full_grid,Kvaerno5,RecursiveCheckpointAdjoint,0.001,1e-06,0.4,0.4,0.0,1e-06,10000,3,0,,True,3.766948152333498,0.06656367594625123,278.0,200.0,720.0
full_grid,Kvaerno5,RecursiveCheckpointAdjoint,0.001,1e-06,0.4,0.5,0.0,1e-06,10000,3,0,,True,4.444690339015021,0.013159144356449184,329.0,213.0,720.0
full_grid,Kvaerno5,RecursiveCheckpointAdjoint,0.001,1e-06,0.5,0.4,0.0,1e-06,10000,3,0,,True,2.8873712086545615,0.07155278697387037,211.0,158.0,720.0
full_grid,Kvaerno5,RecursiveCheckpointAdjoint,0.001,1e-06,0.5,0.5,0.0,1e-06,10000,3,0,,True,5.90198068600148,0.056339600359484,434.0,274.0,720.0
full_grid,Kvaerno5,RecursiveCheckpointAdjoint,0.001,1e-05,0.1,0.4,0.0,1e-06,10000,3,0,,True,3.629380176678145,0.20004294241354784,253.0,178.0,720.0
full_grid,Kvaerno5,RecursiveCheckpointAdjoint,0.001,1e-05,0.1,0.5,0.0,1e-06,10000,3,0,,True,6.759270800665642,0.018079344993951633,506.0,294.0,720.0
full_grid,Kvaerno5,RecursiveCheckpointAdjoint,0.001,1e-05,0.2,0.4,0.0,1e-06,10000,3,0,,True,5.382431107670224,0.15360584515978098,391.0,261.0,720.0
full_grid,Kvaerno5,RecursiveCheckpointAdjoint,0.001,1e-05,0.2,0.5,0.0,1e-06,10000,3,0,,True,4.017663817639307,0.057298672567736,296.0,186.0,720.0
full_grid,Kvaerno5,RecursiveCheckpointAdjoint,0.001,1e-05,0.3,0.4,0.0,1e-06,10000,3,0,,True,3.735941769341783,0.00838202589741741,279.0,193.0,720.0
full_grid,Kvaerno5,RecursiveCheckpointAdjoint,0.001,1e-05,0.3,0.5,0.0,1e-06,10000,3,0,,True,6.218038416001946,0.027690565185168995,462.0,276.0,720.0
full_grid,Kvaerno5,RecursiveCheckpointAdjoint,0.001,1e-05,0.4,0.4,0.0,1e-06,10000,3,0,,True,2.965694289673896,0.7057201059623067,165.0,125.0,720.0
full_grid,Kvaerno5,RecursiveCheckpointAdjoint,0.001,1e-05,0.4,0.5,0.0,1e-06,10000,3,0,,True,7.701137546663328,0.31894814185397724,429.0,257.0,720.0
full_grid,Kvaerno5,RecursiveCheckpointAdjoint,0.001,1e-05,0.5,0.4,0.0,1e-06,10000,3,0,,True,4.252502507995814,0.10964256312346835,312.0,217.0,720.0
full_grid,Kvaerno5,RecursiveCheckpointAdjoint,0.001,1e-05,0.5,0.5,0.0,1e-06,10000,3,0,,True,3.7418018302996643,0.01823473967273692,281.0,182.0,720.0
full_grid,Kvaerno5,RecursiveCheckpointAdjoint,0.0001,1e-09,0.1,0.4,0.0,1e-06,10000,3,0,,True,5.984831653341341,0.05695981490964862,353.0,275.0,720.0
full_grid,Kvaerno5,RecursiveCheckpointAdjoint,0.0001,1e-09,0.1,0.5,0.0,1e-06,10000,3,0,,True,4.693313146010041,0.2723692040265658,333.0,243.0,720.0
full_grid,Kvaerno5,RecursiveCheckpointAdjoint,0.0001,1e-09,0.2,0.4,0.0,1e-06,10000,3,0,,True,3.8520911629893817,0.004353719171181659,285.0,231.0,720.0
full_grid,Kvaerno5,RecursiveCheckpointAdjoint,0.0001,1e-09,0.2,0.5,0.0,1e-06,10000,3,0,,True,3.584149928666496,0.20021223942207536,220.0,175.0,720.0
full_grid,Kvaerno5,RecursiveCheckpointAdjoint,0.0001,1e-09,0.3,0.4,0.0,1e-06,10000,3,0,,True,4.390517936320975,0.10441870030210897,296.0,239.0,720.0
full_grid,Kvaerno5,RecursiveCheckpointAdjoint,0.0001,1e-09,0.3,0.5,0.0,1e-06,10000,3,0,,True,5.2910980777038885,0.08695096658192215,349.0,257.0,720.0
full_grid,Kvaerno5,RecursiveCheckpointAdjoint,0.0001,1e-09,0.4,0.4,0.0,1e-06,10000,3,0,,True,5.58463975302099,0.2304833096872495,381.0,295.0,720.0
full_grid,Kvaerno5,RecursiveCheckpointAdjoint,0.0001,1e-09,0.4,0.5,0.0,1e-06,10000,3,0,,True,5.079441052007799,0.11794238978395818,294.0,222.0,720.0
full_grid,Kvaerno5,RecursiveCheckpointAdjoint,0.0001,1e-09,0.5,0.4,0.0,1e-06,10000,3,0,,True,4.206297928642016,0.10231822060621917,308.0,245.0,720.0
full_grid,Kvaerno5,RecursiveCheckpointAdjoint,0.0001,1e-09,0.5,0.5,0.0,1e-06,10000,3,0,,True,4.912194565675843,0.13037805804175137,294.0,224.0,720.0
full_grid,Kvaerno5,RecursiveCheckpointAdjoint,0.0001,1e-08,0.1,0.4,0.0,1e-06,10000,3,0,,True,5.040944870988217,0.4701797198226468,325.0,252.0,720.0
full_grid,Kvaerno5,RecursiveCheckpointAdjoint,0.0001,1e-08,0.1,0.5,0.0,1e-06,10000,3,0,,True,3.6411286070166775,0.18467743720548432,257.0,198.0,720.0
full_grid,Kvaerno5,RecursiveCheckpointAdjoint,0.0001,1e-08,0.2,0.4,0.0,1e-06,10000,3,0,,True,4.117704523649688,0.08298427562432625,304.0,239.0,720.0
full_grid,Kvaerno5,RecursiveCheckpointAdjoint,0.0001,1e-08,0.2,0.5,0.0,1e-06,10000,3,0,,True,4.286758259986527,0.23347601453927547,290.0,216.0,720.0
full_grid,Kvaerno5,RecursiveCheckpointAdjoint,0.0001,1e-08,0.3,0.4,0.0,1e-06,10000,3,0,,True,4.614835845364723,0.10543830693517825,341.0,263.0,720.0
full_grid,Kvaerno5,RecursiveCheckpointAdjoint,0.0001,1e-08,0.3,0.5,0.0,1e-06,10000,3,0,,True,4.458089234307408,0.09041145982278903,330.0,239.0,720.0
full_grid,Kvaerno5,RecursiveCheckpointAdjoint,0.0001,1e-08,0.4,0.4,0.0,1e-06,10000,3,0,,True,4.00282322698816,0.4870278397206765,246.0,202.0,720.0
full_grid,Kvaerno5,RecursiveCheckpointAdjoint,0.0001,1e-08,0.4,0.5,0.0,1e-06,10000,3,0,,True,5.409831280684254,0.24722321115303683,374.0,267.0,720.0
full_grid,Kvaerno5,RecursiveCheckpointAdjoint,0.0001,1e-08,0.5,0.4,0.0,1e-06,10000,3,0,,True,4.8949353886613,0.48944380853992697,281.0,226.0,720.0
full_grid,Kvaerno5,RecursiveCheckpointAdjoint,0.0001,1e-08,0.5,0.5,0.0,1e-06,10000,3,0,,True,5.319535269964642,0.12115336903148638,373.0,265.0,720.0
full_grid,Kvaerno5,RecursiveCheckpointAdjoint,0.0001,1e-07,0.1,0.4,0.0,1e-06,10000,3,0,,True,6.529822353001994,0.3667823129565645,430.0,311.0,720.0
full_grid,Kvaerno5,RecursiveCheckpointAdjoint,0.0001,1e-07,0.1,0.5,0.0,1e-06,10000,3,0,,True,4.49847471366714,0.03767867757512445,296.0,213.0,720.0
full_grid,Kvaerno5,RecursiveCheckpointAdjoint,0.0001,1e-07,0.2,0.4,0.0,1e-06,10000,3,0,,True,3.9585073623068943,0.042990467479226586,293.0,226.0,720.0
full_grid,Kvaerno5,RecursiveCheckpointAdjoint,0.0001,1e-07,0.2,0.5,0.0,1e-06,10000,3,0,,True,4.805697917977038,0.004339768027561667,361.0,250.0,720.0
full_grid,Kvaerno5,RecursiveCheckpointAdjoint,0.0001,1e-07,0.3,0.4,0.0,1e-06,10000,3,0,,True,4.336729644332081,0.04818183817942373,322.0,244.0,720.0
full_grid,Kvaerno5,RecursiveCheckpointAdjoint,0.0001,1e-07,0.3,0.5,0.0,1e-06,10000,3,0,,True,4.771365124014362,0.058839698007234494,351.0,245.0,720.0
full_grid,Kvaerno5,RecursiveCheckpointAdjoint,0.0001,1e-07,0.4,0.4,0.0,1e-06,10000,3,0,,True,4.876574879007724,0.07078548240959011,358.0,268.0,720.0
full_grid,Kvaerno5,RecursiveCheckpointAdjoint,0.0001,1e-07,0.4,0.5,0.0,1e-06,10000,3,0,,True,10.491987960995175,2.7482016686713817,422.0,286.0,720.0
full_grid,Kvaerno5,RecursiveCheckpointAdjoint,0.0001,1e-07,0.5,0.4,0.0,1e-06,10000,3,0,,True,4.931555450001421,0.018575739936802428,366.0,272.0,720.0
full_grid,Kvaerno5,RecursiveCheckpointAdjoint,0.0001,1e-07,0.5,0.5,0.0,1e-06,10000,3,0,,True,3.6947084519973337,0.006010155570869799,275.0,198.0,720.0
full_grid,Kvaerno5,RecursiveCheckpointAdjoint,0.0001,1e-06,0.1,0.4,0.0,1e-06,10000,3,0,,True,4.987329369663105,0.35196820274314455,331.0,241.0,720.0
full_grid,Kvaerno5,RecursiveCheckpointAdjoint,0.0001,1e-06,0.1,0.5,0.0,1e-06,10000,3,0,,True,3.4649786153264963,0.0992655853847447,241.0,177.0,720.0
full_grid,Kvaerno5,RecursiveCheckpointAdjoint,0.0001,1e-06,0.2,0.4,0.0,1e-06,10000,3,0,,True,5.216683310999845,0.06963989264137108,384.0,278.0,720.0
full_grid,Kvaerno5,RecursiveCheckpointAdjoint,0.0001,1e-06,0.2,0.5,0.0,1e-06,10000,3,0,,True,3.446260030323174,0.17574219455134493,247.0,179.0,720.0
full_grid,Kvaerno5,RecursiveCheckpointAdjoint,0.0001,1e-06,0.3,0.4,0.0,1e-06,10000,3,0,,True,3.572551951976493,0.036311237559437895,267.0,203.0,720.0
full_grid,Kvaerno5,RecursiveCheckpointAdjoint,0.0001,1e-06,0.3,0.5,0.0,1e-06,10000,3,0,,True,5.511617143657834,0.08962431900065959,407.0,269.0,720.0
full_grid,Kvaerno5,RecursiveCheckpointAdjoint,0.0001,1e-06,0.4,0.4,0.0,1e-06,10000,3,0,,True,5.0780303933424875,0.017494660340330075,378.0,270.0,720.0
full_grid,Kvaerno5,RecursiveCheckpointAdjoint,0.0001,1e-06,0.4,0.5,0.0,1e-06,10000,3,0,,True,4.366101950659261,0.06149298078923638,309.0,215.0,720.0
full_grid,Kvaerno5,RecursiveCheckpointAdjoint,0.0001,1e-06,0.5,0.4,0.0,1e-06,10000,3,0,,True,4.645505764327633,0.023715241257562057,343.0,251.0,720.0
full_grid,Kvaerno5,RecursiveCheckpointAdjoint,0.0001,1e-06,0.5,0.5,0.0,1e-06,10000,3,0,,True,5.3958773569902405,0.05657848249008452,395.0,263.0,720.0
full_grid,Kvaerno5,RecursiveCheckpointAdjoint,0.0001,1e-05,0.1,0.4,0.0,1e-06,10000,3,0,,True,5.374761849680605,0.2902306342446905,370.0,255.0,720.0
full_grid,Kvaerno5,RecursiveCheckpointAdjoint,0.0001,1e-05,0.1,0.5,0.0,1e-06,10000,3,0,,True,3.9994855336650894,0.009660168476459903,297.0,198.0,720.0
full_grid,Kvaerno5,RecursiveCheckpointAdjoint,0.0001,1e-05,0.2,0.4,0.0,1e-06,10000,3,0,,True,5.459097549319267,0.39004946139095786,354.0,247.0,720.0
full_grid,Kvaerno5,RecursiveCheckpointAdjoint,0.0001,1e-05,0.2,0.5,0.0,1e-06,10000,3,0,,True,9.904728161985986,3.550822286773264,440.0,276.0,720.0
full_grid,Kvaerno5,RecursiveCheckpointAdjoint,0.0001,1e-05,0.3,0.4,0.0,1e-06,10000,3,0,,True,3.950805558337985,0.05327551563612386,260.0,189.0,720.0
full_grid,Kvaerno5,RecursiveCheckpointAdjoint,0.0001,1e-05,0.3,0.5,0.0,1e-06,10000,3,0,,True,4.628097915672697,0.11194996679796178,306.0,205.0,720.0
full_grid,Kvaerno5,RecursiveCheckpointAdjoint,0.0001,1e-05,0.4,0.4,0.0,1e-06,10000,3,0,,True,7.739726540322105,0.17147867851256124,522.0,345.0,720.0
full_grid,Kvaerno5,RecursiveCheckpointAdjoint,0.0001,1e-05,0.4,0.5,0.0,1e-06,10000,3,0,,True,5.646054236664592,0.018010777657909368,389.0,247.0,720.0
full_grid,Kvaerno5,RecursiveCheckpointAdjoint,0.0001,1e-05,0.5,0.4,0.0,1e-06,10000,3,0,,True,4.961588025985596,0.04170038328301206,338.0,238.0,720.0
full_grid,Kvaerno5,RecursiveCheckpointAdjoint,0.0001,1e-05,0.5,0.5,0.0,1e-06,10000,3,0,,True,5.593780163326301,0.009153153608097825,381.0,245.0,720.0
full_grid,Kvaerno5,RecursiveCheckpointAdjoint,1e-05,1e-09,0.1,0.4,0.0,1e-06,10000,3,0,,True,4.765138719327903,0.4929014773083763,305.0,267.0,720.0
full_grid,Kvaerno5,RecursiveCheckpointAdjoint,1e-05,1e-09,0.1,0.5,0.0,1e-06,10000,3,0,,True,5.4799584586677765,0.7547447399052816,341.0,274.0,720.0
full_grid,Kvaerno5,RecursiveCheckpointAdjoint,1e-05,1e-09,0.2,0.4,0.0,1e-06,10000,3,0,,True,4.75319762264068,0.07182462862727858,343.0,293.0,720.0
full_grid,Kvaerno5,RecursiveCheckpointAdjoint,1e-05,1e-09,0.2,0.5,0.0,1e-06,10000,3,0,,True,4.5246749486541376,0.008532015602456412,328.0,270.0,720.0
full_grid,Kvaerno5,RecursiveCheckpointAdjoint,1e-05,1e-09,0.3,0.4,0.0,1e-06,10000,3,0,,True,5.932745700682669,1.1465995178677884,321.0,278.0,720.0
full_grid,Kvaerno5,RecursiveCheckpointAdjoint,1e-05,1e-09,0.3,0.5,0.0,1e-06,10000,3,0,,True,5.821726940999118,0.22816703769101912,364.0,293.0,720.0
full_grid,Kvaerno5,RecursiveCheckpointAdjoint,1e-05,1e-09,0.4,0.4,0.0,1e-06,10000,3,0,,True,4.706718806992285,0.0940744392193609,331.0,285.0,720.0
full_grid,Kvaerno5,RecursiveCheckpointAdjoint,1e-05,1e-09,0.4,0.5,0.0,1e-06,10000,3,0,,True,6.083280888657707,0.1220362724319743,399.0,314.0,720.0
full_grid,Kvaerno5,RecursiveCheckpointAdjoint,1e-05,1e-09,0.5,0.4,0.0,1e-06,10000,3,0,,True,3.879844466340728,0.02385611671844718,301.0,265.0,720.0
full_grid,Kvaerno5,RecursiveCheckpointAdjoint,1e-05,1e-09,0.5,0.5,0.0,1e-06,10000,3,0,,True,5.133143486319265,0.13436023970433453,353.0,281.0,720.0
full_grid,Kvaerno5,RecursiveCheckpointAdjoint,1e-05,1e-08,0.1,0.4,0.0,1e-06,10000,3,0,,True,2.125020321672006,0.02704564575106297,159.0,159.0,720.0
full_grid,Kvaerno5,RecursiveCheckpointAdjoint,1e-05,1e-08,0.1,0.5,0.0,1e-06,10000,3,0,,True,4.334851123023934,0.2720283737485432,321.0,255.0,720.0
full_grid,Kvaerno5,RecursiveCheckpointAdjoint,1e-05,1e-08,0.2,0.4,0.0,1e-06,10000,3,0,,True,2.1179545699851587,0.02764306885591303,159.0,159.0,720.0
full_grid,Kvaerno5,RecursiveCheckpointAdjoint,1e-05,1e-08,0.2,0.5,0.0,1e-06,10000,3,0,,True,5.646356106677558,0.08996813372806155,340.0,270.0,720.0
full_grid,Kvaerno5,RecursiveCheckpointAdjoint,1e-05,1e-08,0.3,0.4,0.0,1e-06,10000,3,0,,True,4.806106053331557,0.04981564537200144,354.0,292.0,720.0
full_grid,Kvaerno5,RecursiveCheckpointAdjoint,1e-05,1e-08,0.3,0.5,0.0,1e-06,10000,3,0,,True,5.945604520326015,0.0695216922797748,438.0,327.0,720.0
full_grid,Kvaerno5,RecursiveCheckpointAdjoint,1e-05,1e-08,0.4,0.4,0.0,1e-06,10000,3,0,,True,5.376652853311195,0.010318625567901354,404.0,327.0,720.0
full_grid,Kvaerno5,RecursiveCheckpointAdjoint,1e-05,1e-08,0.4,0.5,0.0,1e-06,10000,3,0,,True,4.808911588004169,0.08634672923628366,345.0,270.0,720.0
full_grid,Kvaerno5,RecursiveCheckpointAdjoint,1e-05,1e-08,0.5,0.4,0.0,1e-06,10000,3,0,,True,3.804757530335337,0.006374499993496953,285.0,247.0,720.0
full_grid,Kvaerno5,RecursiveCheckpointAdjoint,1e-05,1e-08,0.5,0.5,0.0,1e-06,10000,3,0,,True,3.30220311532806,0.013969180985436074,245.0,209.0,720.0
full_grid,Kvaerno5,RecursiveCheckpointAdjoint,1e-05,1e-07,0.1,0.4,0.0,1e-06,10000,3,0,,True,3.2491920590012646,0.08199711717493201,234.0,204.0,720.0
full_grid,Kvaerno5,RecursiveCheckpointAdjoint,1e-05,1e-07,0.1,0.5,0.0,1e-06,10000,3,0,,True,5.58809672400821,0.08700912622873846,413.0,301.0,720.0
full_grid,Kvaerno5,RecursiveCheckpointAdjoint,1e-05,1e-07,0.2,0.4,0.0,1e-06,10000,3,0,,True,4.500245283998083,0.039811616406469456,335.0,272.0,720.0
full_grid,Kvaerno5,RecursiveCheckpointAdjoint,1e-05,1e-07,0.2,0.5,0.0,1e-06,10000,3,0,,True,5.396558283013292,0.08176494679062027,395.0,289.0,720.0
full_grid,Kvaerno5,RecursiveCheckpointAdjoint,1e-05,1e-07,0.3,0.4,0.0,1e-06,10000,3,0,,True,4.118029164984667,0.07992850806357253,302.0,250.0,720.0
full_grid,Kvaerno5,RecursiveCheckpointAdjoint,1e-05,1e-07,0.3,0.5,0.0,1e-06,10000,3,0,,True,5.316366521990858,0.025553004819013802,394.0,288.0,720.0
full_grid,Kvaerno5,RecursiveCheckpointAdjoint,1e-05,1e-07,0.4,0.4,0.0,1e-06,10000,3,0,,True,5.1683979043349,0.9409497399893517,328.0,269.0,720.0
full_grid,Kvaerno5,RecursiveCheckpointAdjoint,1e-05,1e-07,0.4,0.5,0.0,1e-06,10000,3,0,,True,4.729732469674976,0.0494646975718831,344.0,259.0,720.0
full_grid,Kvaerno5,RecursiveCheckpointAdjoint,1e-05,1e-07,0.5,0.4,0.0,1e-06,10000,3,0,,True,5.829157034012799,0.03703805111043549,425.0,327.0,720.0
full_grid,Kvaerno5,RecursiveCheckpointAdjoint,1e-05,1e-07,0.5,0.5,0.0,1e-06,10000,3,0,,True,4.776105518336408,0.008519893747136869,354.0,266.0,720.0
full_grid,Kvaerno5,RecursiveCheckpointAdjoint,1e-05,1e-06,0.1,0.4,0.0,1e-06,10000,3,0,,True,5.115758923988324,0.22215207272459103,347.0,267.0,720.0
full_grid,Kvaerno5,RecursiveCheckpointAdjoint,1e-05,1e-06,0.1,0.5,0.0,1e-06,10000,3,0,,True,4.628873603670702,0.05719434403506368,337.0,242.0,720.0
full_grid,Kvaerno5,RecursiveCheckpointAdjoint,1e-05,1e-06,0.2,0.4,0.0,1e-06,10000,3,0,,True,4.90536367999933,0.040586018475779306,358.0,271.0,720.0
full_grid,Kvaerno5,RecursiveCheckpointAdjoint,1e-05,1e-06,0.2,0.5,0.0,1e-06,10000,3,0,,True,4.615081991340655,0.07249716452826636,337.0,241.0,720.0
full_grid,Kvaerno5,RecursiveCheckpointAdjoint,1e-05,1e-06,0.3,0.4,0.0,1e-06,10000,3,0,,True,4.639241367326274,0.007469905211982332,346.0,265.0,720.0
full_grid,Kvaerno5,RecursiveCheckpointAdjoint,1e-05,1e-06,0.3,0.5,0.0,1e-06,10000,3,0,,True,4.724932367331348,0.060530435282140256,346.0,248.0,720.0
full_grid,Kvaerno5,RecursiveCheckpointAdjoint,1e-05,1e-06,0.4,0.4,0.0,1e-06,10000,3,0,,True,6.349921404306467,0.4328945431653875,355.0,270.0,720.0
full_grid,Kvaerno5,RecursiveCheckpointAdjoint,1e-05,1e-06,0.4,0.5,0.0,1e-06,10000,3,0,,True,4.725534204005574,0.20764255875427506,303.0,222.0,720.0
full_grid,Kvaerno5,RecursiveCheckpointAdjoint,1e-05,1e-06,0.5,0.4,0.0,1e-06,10000,3,0,,True,5.4615495973654715,0.4477272193472483,356.0,272.0,720.0
full_grid,Kvaerno5,RecursiveCheckpointAdjoint,1e-05,1e-06,0.5,0.5,0.0,1e-06,10000,3,0,,True,4.836609224653027,0.1712996389307292,340.0,242.0,720.0
full_grid,Kvaerno5,RecursiveCheckpointAdjoint,1e-05,1e-05,0.1,0.4,0.0,1e-06,10000,3,0,,True,5.635287563316524,0.6038021991761335,348.0,250.0,720.0
full_grid,Kvaerno5,RecursiveCheckpointAdjoint,1e-05,1e-05,0.1,0.5,0.0,1e-06,10000,3,0,,True,4.1483716113531655,0.2702344251318903,263.0,186.0,720.0
full_grid,Kvaerno5,RecursiveCheckpointAdjoint,1e-05,1e-05,0.2,0.4,0.0,1e-06,10000,3,0,,True,3.284554781683255,0.30838290484020536,224.0,174.0,720.0
full_grid,Kvaerno5,RecursiveCheckpointAdjoint,1e-05,1e-05,0.2,0.5,0.0,1e-06,10000,3,0,,True,5.14834882033756,0.6472389513334605,317.0,217.0,720.0
full_grid,Kvaerno5,RecursiveCheckpointAdjoint,1e-05,1e-05,0.3,0.4,0.0,1e-06,10000,3,0,,True,5.795072667999193,0.04288461631484194,432.0,305.0,720.0
full_grid,Kvaerno5,RecursiveCheckpointAdjoint,1e-05,1e-05,0.3,0.5,0.0,1e-06,10000,3,0,,True,3.8054207536624745,0.07257720635713458,279.0,195.0,720.0
full_grid,Kvaerno5,RecursiveCheckpointAdjoint,1e-05,1e-05,0.4,0.4,0.0,1e-06,10000,3,0,,True,5.073304022313096,0.1970856879820146,362.0,263.0,720.0
full_grid,Kvaerno5,RecursiveCheckpointAdjoint,1e-05,1e-05,0.4,0.5,0.0,1e-06,10000,3,0,,True,6.697687003354076,0.21858688635504894,411.0,267.0,720.0
full_grid,Kvaerno5,RecursiveCheckpointAdjoint,1e-05,1e-05,0.5,0.4,0.0,1e-06,10000,3,0,,True,4.5683929373432575,0.13732484749132334,312.0,231.0,720.0
full_grid,Kvaerno5,RecursiveCheckpointAdjoint,1e-05,1e-05,0.5,0.5,0.0,1e-06,10000,3,0,,True,6.853695968321214,0.3296187862519543,487.0,310.0,720.0
full_grid,Kvaerno5,RecursiveCheckpointAdjoint,1e-06,1e-09,0.1,0.4,0.0,1e-06,10000,3,0,,True,3.9102989309855425,0.4174393831331117,262.0,262.0,720.0
full_grid,Kvaerno5,RecursiveCheckpointAdjoint,1e-06,1e-09,0.1,0.5,0.0,1e-06,10000,3,0,,True,3.209807248339833,0.006567989878545368,237.0,237.0,720.0
full_grid,Kvaerno5,RecursiveCheckpointAdjoint,1e-06,1e-09,0.2,0.4,0.0,1e-06,10000,3,0,,True,3.522626483657708,0.014408529772031355,262.0,262.0,720.0
full_grid,Kvaerno5,RecursiveCheckpointAdjoint,1e-06,1e-09,0.2,0.5,0.0,1e-06,10000,3,0,,True,3.2247388453300423,0.0449727647766546,237.0,237.0,720.0
full_grid,Kvaerno5,RecursiveCheckpointAdjoint,1e-06,1e-09,0.3,0.4,0.0,1e-06,10000,3,0,,True,3.635735933339068,0.07609421164329762,262.0,262.0,720.0
full_grid,Kvaerno5,RecursiveCheckpointAdjoint,1e-06,1e-09,0.3,0.5,0.0,1e-06,10000,3,0,,True,3.1980310213402845,0.003261182783978172,237.0,237.0,720.0
full_grid,Kvaerno5,RecursiveCheckpointAdjoint,1e-06,1e-09,0.4,0.4,0.0,1e-06,10000,3,0,,True,3.510309873012981,0.0037934943806158757,262.0,262.0,720.0
full_grid,Kvaerno5,RecursiveCheckpointAdjoint,1e-06,1e-09,0.4,0.5,0.0,1e-06,10000,3,0,,True,3.2486547746423944,0.07414553665194645,237.0,237.0,720.0
full_grid,Kvaerno5,RecursiveCheckpointAdjoint,1e-06,1e-09,0.5,0.4,0.0,1e-06,10000,3,0,,True,3.51552777531712,0.009590082321023126,262.0,262.0,720.0
full_grid,Kvaerno5,RecursiveCheckpointAdjoint,1e-06,1e-09,0.5,0.5,0.0,1e-06,10000,3,0,,True,3.2530664336518385,0.05918570998845418,237.0,237.0,720.0
full_grid,Kvaerno5,RecursiveCheckpointAdjoint,1e-06,1e-08,0.1,0.4,0.0,1e-06,10000,3,0,,True,3.189010563675159,0.09151793273105267,226.0,226.0,720.0
full_grid,Kvaerno5,RecursiveCheckpointAdjoint,1e-06,1e-08,0.1,0.5,0.0,1e-06,10000,3,0,,True,2.796888504351955,0.040134671059336054,205.0,205.0,720.0
full_grid,Kvaerno5,RecursiveCheckpointAdjoint,1e-06,1e-08,0.2,0.4,0.0,1e-06,10000,3,0,,True,3.028882030649887,0.004348608719549432,226.0,226.0,720.0
full_grid,Kvaerno5,RecursiveCheckpointAdjoint,1e-06,1e-08,0.2,0.5,0.0,1e-06,10000,3,0,,True,2.757156132681606,0.003920745371652747,205.0,205.0,720.0
full_grid,Kvaerno5,RecursiveCheckpointAdjoint,1e-06,1e-08,0.3,0.4,0.0,1e-06,10000,3,0,,True,3.049359601980541,0.025705335843433104,226.0,226.0,720.0
full_grid,Kvaerno5,RecursiveCheckpointAdjoint,1e-06,1e-08,0.3,0.5,0.0,1e-06,10000,3,0,,True,2.7753027413467257,0.011601434867577518,205.0,205.0,720.0
full_grid,Kvaerno5,RecursiveCheckpointAdjoint,1e-06,1e-08,0.4,0.4,0.0,1e-06,10000,3,0,,True,3.010743145326463,0.0020300658375526945,226.0,226.0,720.0
full_grid,Kvaerno5,RecursiveCheckpointAdjoint,1e-06,1e-08,0.4,0.5,0.0,1e-06,10000,3,0,,True,2.7538051836697073,0.02461922040401258,204.0,204.0,720.0
full_grid,Kvaerno5,RecursiveCheckpointAdjoint,1e-06,1e-08,0.5,0.4,0.0,1e-06,10000,3,0,,True,3.5357474773384943,0.7092321507706586,226.0,226.0,720.0
full_grid,Kvaerno5,RecursiveCheckpointAdjoint,1e-06,1e-08,0.5,0.5,0.0,1e-06,10000,3,0,,True,3.4866733083423846,0.13987914629113007,204.0,204.0,720.0
full_grid,Kvaerno5,RecursiveCheckpointAdjoint,1e-06,1e-07,0.1,0.4,0.0,1e-06,10000,3,0,,True,3.044598325349701,0.3238573670236935,182.0,182.0,720.0
full_grid,Kvaerno5,RecursiveCheckpointAdjoint,1e-06,1e-07,0.1,0.5,0.0,1e-06,10000,3,0,,True,8.286180998683752,0.827880214912154,479.0,359.0,720.0
full_grid,Kvaerno5,RecursiveCheckpointAdjoint,1e-06,1e-07,0.2,0.4,0.0,1e-06,10000,3,0,,True,2.6914386296606003,0.10332228430514695,182.0,182.0,720.0
full_grid,Kvaerno5,RecursiveCheckpointAdjoint,1e-06,1e-07,0.2,0.5,0.0,1e-06,10000,3,0,,True,7.178796623348414,1.2657460298673877,348.0,283.0,720.0
full_grid,Kvaerno5,RecursiveCheckpointAdjoint,1e-06,1e-07,0.3,0.4,0.0,1e-06,10000,3,0,,True,3.33852113133374,0.12807989854730004,182.0,182.0,720.0
full_grid,Kvaerno5,RecursiveCheckpointAdjoint,1e-06,1e-07,0.3,0.5,0.0,1e-06,10000,3,0,,True,4.441093947330955,0.1581970761806885,312.0,257.0,720.0
full_grid,Kvaerno5,RecursiveCheckpointAdjoint,1e-06,1e-07,0.4,0.4,0.0,1e-06,10000,3,0,,True,5.217487538679658,0.21862204176591607,368.0,306.0,720.0
full_grid,Kvaerno5,RecursiveCheckpointAdjoint,1e-06,1e-07,0.4,0.5,0.0,1e-06,10000,3,0,,True,7.070781771656281,0.16267860062232462,509.0,375.0,720.0
full_grid,Kvaerno5,RecursiveCheckpointAdjoint,1e-06,1e-07,0.5,0.4,0.0,1e-06,10000,3,0,,True,4.222456998017151,0.08544094558705735,311.0,270.0,720.0
full_grid,Kvaerno5,RecursiveCheckpointAdjoint,1e-06,1e-07,0.5,0.5,0.0,1e-06,10000,3,0,,True,5.375036864017602,0.0360691852159693,398.0,309.0,720.0
full_grid,Kvaerno5,RecursiveCheckpointAdjoint,1e-06,1e-06,0.1,0.4,0.0,1e-06,10000,3,0,,True,6.9507471729884855,0.826226703276916,468.0,350.0,720.0
full_grid,Kvaerno5,RecursiveCheckpointAdjoint,1e-06,1e-06,0.1,0.5,0.0,1e-06,10000,3,0,,True,5.396565280641274,0.013863076013031496,387.0,278.0,720.0
full_grid,Kvaerno5,RecursiveCheckpointAdjoint,1e-06,1e-06,0.2,0.4,0.0,1e-06,10000,3,0,,True,3.27836050100935,0.0028880003523653972,246.0,209.0,720.0
full_grid,Kvaerno5,RecursiveCheckpointAdjoint,1e-06,1e-06,0.2,0.5,0.0,1e-06,10000,3,0,,True,5.651362068349651,0.09261283332928277,416.0,298.0,720.0
full_grid,Kvaerno5,RecursiveCheckpointAdjoint,1e-06,1e-06,0.3,0.4,0.0,1e-06,10000,3,0,,True,4.670145001340036,0.025860124113829513,345.0,273.0,720.0
full_grid,Kvaerno5,RecursiveCheckpointAdjoint,1e-06,1e-06,0.3,0.5,0.0,1e-06,10000,3,0,,True,5.532412906992249,0.006239721815713844,412.0,294.0,720.0
full_grid,Kvaerno5,RecursiveCheckpointAdjoint,1e-06,1e-06,0.4,0.4,0.0,1e-06,10000,3,0,,True,4.0204211843277635,0.007691572393895094,298.0,245.0,720.0
full_grid,Kvaerno5,RecursiveCheckpointAdjoint,1e-06,1e-06,0.4,0.5,0.0,1e-06,10000,3,0,,True,5.036380799661856,0.010165375006329072,377.0,277.0,720.0
full_grid,Kvaerno5,RecursiveCheckpointAdjoint,1e-06,1e-06,0.5,0.4,0.0,1e-06,10000,3,0,,True,5.587259371008258,0.634026070352468,358.0,283.0,720.0
full_grid,Kvaerno5,RecursiveCheckpointAdjoint,1e-06,1e-06,0.5,0.5,0.0,1e-06,10000,3,0,,True,4.966861108997061,0.021874843456134815,363.0,267.0,720.0
